ts_ns,period_ns,jitter_ns,late
1300400,1300400,-699600,0
3856200,2555800,555800,0
5937800,2081600,81600,0
8118000,2180200,180200,0
10252200,2134200,134200,0
12152900,1900700,-99300,0
13664900,1512000,-488000,0
15697600,2032700,32700,0
17670800,1973200,-26800,0
19687000,2016200,16200,0
21867100,2180100,180100,0
23302600,1435500,-564500,0
26322500,3019900,1019900,0
28326800,2004300,4300,0
30310700,1983900,-16100,0
32355400,2044700,44700,0
34656600,2301200,301200,0
35372800,716200,-1283800,0
37685200,2312400,312400,0
39745900,2060700,60700,0
41647300,1901400,-98600,0
43639100,1991800,-8200,0
45165300,1526200,-473800,0
47355700,2190400,190400,0
50555500,3199800,1199800,0
52557600,2002100,2100,0
54067400,1509800,-490200,0
56171900,2104500,104500,0
58292100,2120200,120200,0
60344200,2052100,52100,0
62352300,2008100,8100,0
63848100,1495800,-504200,0
65832800,1984700,-15300,0
67938600,2105800,105800,0
69858800,1920200,-79800,0
72037500,2178700,178700,0
73521700,1484200,-515800,0
76487000,2965300,965300,0
78492700,2005700,5700,0
80478400,1985700,-14300,0
82498000,2019600,19600,0
83979100,1481100,-518900,0
86050500,2071400,71400,0
88074300,2023800,23800,0
90007600,1933300,-66700,0
92072400,2064800,64800,0
93502000,1429600,-570400,0
96569600,3067600,1067600,0
98619700,2050100,50100,0
99359400,739700,-1260300,0
102171200,2811800,811800,0
103610300,1439100,-560900,0
105698500,2088200,88200,0
107246500,1548000,-452000,0
110247300,3000800,1000800,0
112215700,1968400,-31600,0
113701700,1486000,-514000,0
115851200,2149500,149500,0
117752900,1901700,-98300,0
119029700,1276800,-723200,0
122078600,3048900,1048900,0
123537800,1459200,-540800,0
126586000,3048200,1048200,0
128592200,2006200,6200,0
129325700,733500,-1266500,0
131584700,2259000,259000,0
134051800,2467100,467100,0
136129800,2078000,78000,0
137306500,1176700,-823300,0
139841100,2534600,534600,0
141922200,2081100,81100,0
143298900,1376700,-623300,0
146314100,3015200,1015200,0
147502000,1187900,-812100,0
150548100,3046100,1046100,0
152645900,2097800,97800,0
153486000,840100,-1159900,0
155934000,2448000,448000,0
157890900,1956900,-43100,0
159909200,2018300,18300,0
162225200,2316000,316000,0
163717400,1492200,-507800,0
166046100,2328700,328700,0
168100100,2054000,54000,0
170062200,1962100,-37900,0
172130700,2068500,68500,0
173560800,1430100,-569900,0
176784500,3223700,1223700,0
177203000,418500,-1581500,0
179584600,2381600,381600,0
182630400,3045800,1045800,0
183216200,585800,-1414200,0
186482600,3266400,1266400,0
188538200,2055600,55600,0
190541400,2003200,3200,0
192519900,1978500,-21500,0
194027700,1507800,-492200,0
196043300,2015600,15600,0
197452200,1408900,-591100,0
200063000,2610800,610800,0
201550700,1487700,-512300,0
204121400,2570700,570700,0
206167200,2045800,45800,0
208172600,2005400,5400,0
210169000,1996400,-3600,0
211370100,1201100,-798900,0
213941200,2571100,571100,0
215919500,1978300,-21700,0
217966400,2046900,46900,0
219945500,1979100,-20900,0
222026400,2080900,80900,0
223507800,1481400,-518600,0
226606900,3099100,1099100,0
227446800,839900,-1160100,0
229719900,2273100,273100,0
231729600,2009700,9700,0
233413600,1684000,-316000,0
236684400,3270800,1270800,0
237677100,992700,-1007300,0
239619100,1942000,-58000,0
241715700,2096600,96600,0
243446900,1731200,-268800,0
245918900,2472000,472000,0
247373500,1454600,-545400,0
250388100,3014600,1014600,0
252448100,2060000,60000,0
254854300,2406200,406200,0
255282900,428600,-1571400,0
257932900,2650000,650000,0
259939500,2006600,6600,0
261898600,1959100,-40900,0
263420700,1522100,-477900,0
266389900,2969200,969200,0
268380900,1991000,-9000,0
270440100,2059200,59200,0
272446200,2006100,6100,0
273968000,1521800,-478200,0
275898600,1930600,-69400,0
277896800,1998200,-1800,0
279943700,2046900,46900,0
282151100,2207400,207400,0
283662900,1511800,-488200,0
285860300,2197400,197400,0
287901600,2041300,41300,0
289766500,1864900,-135100,0
291739100,1972600,-27400,0
293734400,1995300,-4700,0
295437900,1703500,-296500,0
298478000,3040100,1040100,0
300020300,1542300,-457700,0
301147800,1127500,-872500,0
303753700,2605900,605900,0
305726200,1972500,-27500,0
307733000,2006800,6800,0
309714000,1981000,-19000,0
311759200,2045200,45200,0
313726500,1967300,-32700,0
315299900,1573400,-426600,0
318334900,3035000,1035000,0
320308300,1973400,-26600,0
322291600,1983300,-16700,0
324442900,2151300,151300,0
326446000,2003100,3100,0
328534500,2088500,88500,0
330604400,2069900,69900,0
331328600,724200,-1275800,0
333620200,2291600,291600,0
335163900,1543700,-456300,0
338229400,3065500,1065500,0
340177400,1948000,-52000,0
341522000,1344600,-655400,0
344108400,2586400,586400,0
346454400,2346000,346000,0
348552300,2097900,97900,0
350518900,1966600,-33400,0
352537400,2018500,18500,0
354022600,1485200,-514800,0
356010600,1988000,-12000,0
358030200,2019600,19600,0
360041900,2011700,11700,0
362025200,1983300,-16700,0
363540700,1515500,-484500,0
365847100,2306400,306400,0
367916700,2069600,69600,0
369917800,2001100,1100,0
371913000,1995200,-4800,0
373414000,1501000,-499000,0
376782200,3368200,1368200,0
377309300,527100,-1472900,0
380090900,2781600,781600,0
382013200,1922300,-77700,0
383526300,1513100,-486900,0
386665900,3139600,1139600,0
387379200,713300,-1286700,0
389610100,2230900,230900,0
391651400,2041300,41300,0
393691100,2039700,39700,0
395203800,1512700,-487300,0
398274100,3070300,1070300,0
400190500,1916400,-83600,0
401709500,1519000,-481000,0
403735300,2025800,25800,0
405207800,1472500,-527500,0
408267800,3060000,1060000,0
410253900,1986100,-13900,0
412366300,2112400,112400,0
414443000,2076700,76700,0
415606100,1163100,-836900,0
418081700,2475600,475600,0
420310200,2228500,228500,0
422297300,1987100,-12900,0
424361800,2064500,64500,0
426643900,2282100,282100,0
427673600,1029700,-970300,0
429699300,2025700,25700,0
431733800,2034500,34500,0
433905900,2172100,172100,0
435851700,1945800,-54200,0
437863200,2011500,11500,0
439845300,1982100,-17900,0
441856300,2011000,11000,0
443459200,1602900,-397100,0
446434400,2975200,975200,0
448425700,1991300,-8700,0
450434400,2008700,8700,0
452437900,2003500,3500,0
453929500,1491600,-508400,0
456057300,2127800,127800,0
457267700,1210400,-789600,0
460281700,3014000,1014000,0
462264400,1982700,-17300,0
463848900,1584500,-415500,0
466151900,2303000,303000,0
468246200,2094300,94300,0
470262300,2016100,16100,0
472196700,1934400,-65600,0
473846500,1649800,-350200,0
475844100,1997600,-2400,0
477846700,2002600,2600,0
479872500,2025800,25800,0
482156600,2284100,284100,0
483765100,1608500,-391500,0
486012400,2247300,247300,0
488121600,2109200,109200,0
490081800,1960200,-39800,0
492179700,2097900,97900,0
493628800,1449100,-550900,0
495649700,2020900,20900,0
497630800,1981100,-18900,0
499108000,1477200,-522800,0
502203500,3095500,1095500,0
503678100,1474600,-525400,0
505631000,1952900,-47100,0
507648300,2017300,17300,0
509663100,2014800,14800,0
511692100,2029000,29000,0
513730000,2037900,37900,0
515241900,1511900,-488100,0
518380200,3138300,1138300,0
520350000,1969800,-30200,0
522466200,2116200,116200,0
523994200,1528000,-472000,0
526002600,2008400,8400,0
528034100,2031500,31500,0
530428900,2394800,394800,0
532378600,1949700,-50300,0
533865100,1486500,-513500,0
535860900,1995800,-4200,0
537850500,1989600,-10400,0
539855100,2004600,4600,0
541903700,2048600,48600,0
543341300,1437600,-562400,0
546473200,3131900,1131900,0
548751900,2278700,278700,0
549473200,721300,-1278700,0
551719400,2246200,246200,0
553753900,2034500,34500,0
555210800,1456900,-543100,0
558317000,3106200,1106200,0
560277800,1960800,-39200,0
562258700,1980900,-19100,0
563882200,1623500,-376500,0
566028000,2145800,145800,0
568005300,1977300,-22700,0
569986400,1981100,-18900,0
572002200,2015800,15800,0
573530800,1528600,-471400,0
576485600,2954800,954800,0
578507400,2021800,21800,0
580535000,2027600,27600,0
582503300,1968300,-31700,0
583999200,1495900,-504100,0
586001400,2002200,2200,0
588078300,2076900,76900,0
590042100,1963800,-36200,0
592026800,1984700,-15300,0
593497300,1470500,-529500,0
596527000,3029700,1029700,0
598576400,2049400,49400,0
600026500,1450100,-549900,0
602096000,2069500,69500,0
603608300,1512300,-487700,0
605619100,2010800,10800,0
607613400,1994300,-5700,0
609614100,2000700,700,0
611680500,2066400,66400,0
613610200,1929700,-70300,0
615200300,1590100,-409900,0
618166800,2966500,966500,0
620113700,1946900,-53100,0
622113400,1999700,-300,0
623681800,1568400,-431600,0
624892600,1210800,-789200,0
628075800,3183200,1183200,0
630329200,2253400,253400,0
631518300,1189100,-810900,0
634028200,2509900,509900,0
636071000,2042800,42800,0
638020900,1949900,-50100,0
640014000,1993100,-6900,0
642082500,2068500,68500,0
643502900,1420400,-579600,0
645650600,2147700,147700,0
647610600,1960000,-40000,0
649628900,2018300,18300,0
651656800,2027900,27900,0
653634400,1977600,-22400,0
655147600,1513200,-486800,0
658135500,2987900,987900,0
660165900,2030400,30400,0
662206800,2040900,40900,0
663636000,1429200,-570800,0
665761700,2125700,125700,0
667844300,2082600,82600,0
669860100,2015800,15800,0
671864900,2004800,4800,0
673395400,1530500,-469500,0
676345700,2950300,950300,0
678383000,2037300,37300,0
680392700,2009700,9700,0
682372000,1979300,-20700,0
683862700,1490700,-509300,0
685989900,2127200,127200,0
687854800,1864900,-135100,0
689854200,1999400,-600,0
692046000,2191800,191800,0
693341700,1295700,-704300,0
696362700,3021000,1021000,0
698416900,2054200,54200,0
699924400,1507500,-492500,0
701952000,2027600,27600,0
703371900,1419900,-580100,0
706891100,3519200,1519200,0
707718500,827400,-1172600,0
709855000,2136500,136500,0
712169600,2314600,314600,0
713634300,1464700,-535300,0
715935100,2300800,300800,0
718041400,2106300,106300,0
720119100,2077700,77700,0
722053600,1934500,-65500,0
723503000,1449400,-550600,0
726612700,3109700,1109700,0
727354100,741400,-1258600,0
729767500,2413400,413400,0
731850000,2082500,82500,0
733342700,1492700,-507300,0
736475800,3133100,1133100,0
738532300,2056500,56500,0
740487600,1955300,-44700,0
742483600,1996000,-4000,0
743988800,1505200,-494800,0
746034500,2045700,45700,0
748039400,2004900,4900,0
749224700,1185300,-814700,0
752354100,3129400,1129400,0
753850700,1496600,-503400,0
755903300,2052600,52600,0
757844100,1940800,-59200,0
760021300,2177200,177200,0
761457300,1436000,-564000,0
763994200,2536900,536900,0
766147000,2152800,152800,0
767442800,1295800,-704200,0
770461500,3018700,1018700,0
772450500,1989000,-11000,0
773917100,1466600,-533400,0
775927500,2010400,10400,0
777926600,1999100,-900,0
779925400,1998800,-1200,0
782011200,2085800,85800,0
783419800,1408600,-591400,0
786478200,3058400,1058400,0
788453700,1975500,-24500,0
790455000,2001300,1300,0
792450400,1995400,-4600,0
793917800,1467400,-532600,0
795970800,2053000,53000,0
797955400,1984600,-15400,0
799944200,1988800,-11200,0
801469100,1524900,-475100,0
803972800,2503700,503700,0
805950800,1978000,-22000,0
807984200,2033400,33400,0
809938200,1954000,-46000,0
811952700,2014500,14500,0
813565800,1613100,-386900,0
816932700,3366900,1366900,0
817672600,739900,-1260100,0
818920600,1248000,-752000,0
821952900,3032300,1032300,0
823422000,1469100,-530900,0
826445900,3023900,1023900,0
828435000,1989100,-10900,0
830583100,2148100,148100,0
832648400,2065300,65300,0
833403600,755200,-1244800,0
836177400,2773800,773800,0
838386300,2208900,208900,0
840557000,2170700,170700,0
842860500,2303500,303500,0
843614300,753800,-1246200,0
845461700,1847400,-152600,0
848374500,2912800,912800,0
850596400,2221900,221900,0
851302400,706000,-1294000,0
854509300,3206900,1206900,0
856711100,2201800,201800,0
857402500,691400,-1308600,0
859862800,2460300,460300,0
861861400,1998600,-1400,0
863859600,1998200,-1800,0
865322600,1463000,-537000,0
868332700,3010100,1010100,0
870362200,2029500,29500,0
872450700,2088500,88500,0
874924800,2474100,474100,0
875771300,846500,-1153500,0
877914900,2143600,143600,0
879916700,2001800,1800,0
881972800,2056100,56100,0
883482800,1510000,-490000,0
886401300,2918500,918500,0
888435200,2033900,33900,0
890428400,1993200,-6800,0
892479700,2051300,51300,0
893911500,1431800,-568200,0
895920200,2008700,8700,0
898075300,2155100,155100,0
899939800,1864500,-135500,0
901478400,1538600,-461400,0
903664800,2186400,186400,0
905655300,1990500,-9500,0
907880700,2225400,225400,0
909616900,1736200,-263800,0
911616900,2000000,0,0
913681200,2064300,64300,0
915127100,1445900,-554100,0
918126100,2999000,999000,0
920115200,1989100,-10900,0
922202500,2087300,87300,0
923721900,1519400,-480600,0
925653400,1931500,-68500,0
927729000,2075600,75600,0
929748500,2019500,19500,0
931882600,2134100,134100,0
933745800,1863200,-136800,0
935293200,1547400,-452600,0
938289700,2996500,996500,0
940287900,1998200,-1800,0
942301900,2014000,14000,0
943763100,1461200,-538800,0
945869700,2106600,106600,0
947865200,1995500,-4500,0
949851800,1986600,-13400,0
951866700,2014900,14900,0
953294900,1428200,-571800,0
955622300,2327400,327400,0
957694100,2071800,71800,0
959971500,2277400,277400,0
962173700,2202200,202200,0
963623900,1450200,-549800,0
965941800,2317900,317900,0
968001700,2059900,59900,0
969984400,1982700,-17300,0
971956200,1971800,-28200,0
973449700,1493500,-506500,0
975948500,2498800,498800,0
978029900,2081400,81400,0
980017300,1987400,-12600,0
981987100,1969800,-30200,0
983518600,1531500,-468500,0
985779300,2260700,260700,0
987899100,2119800,119800,0
989889700,1990600,-9400,0
991936200,2046500,46500,0
993418100,1481900,-518100,0
995767800,2349700,349700,0
997850700,2082900,82900,0
999970800,2120100,120100,0
1002298500,2327700,327700,0
1004918200,2619700,619700,0
1005623400,705200,-1294800,0
1007207800,1584400,-415600,0
1010229100,3021300,1021300,0
1012225100,1996000,-4000,0
1013708900,1483800,-516200,0
1015735000,2026100,26100,0
1016917100,1182100,-817900,0
1019055900,2138800,138800,0
1022167500,3111600,1111600,0
1023597600,1430100,-569900,0
1024861800,1264200,-735800,0
1027088500,2226700,226700,0
1030098300,3009800,1009800,0
1032660300,2562000,562000,0
1033337200,676900,-1323100,0
1035598000,2260800,260800,0
1037635400,2037400,37400,0
1039923100,2287700,287700,0
1042326700,2403600,403600,0
1044614900,2288200,288200,0
1045344700,729800,-1270200,0
1047759500,2414800,414800,0
1049746700,1987200,-12800,0
1051703100,1956400,-43600,0
1053735900,2032800,32800,0
1055187900,1452000,-548000,0
1058215200,3027300,1027300,0
1060206200,1991000,-9000,0
1062266900,2060700,60700,0
1063884300,1617400,-382600,0
1065742500,1858200,-141800,0
1067767000,2024500,24500,0
1069873200,2106200,106200,0
1071863400,1990200,-9800,0
1073863800,2000400,400,0
1075261300,1397500,-602500,0
1078330600,3069300,1069300,0
1080273100,1942500,-57500,0
1082403700,2130600,130600,0
1083862400,1458700,-541300,0
1086108400,2246000,246000,0
1087261800,1153400,-846600,0
1090289100,3027300,1027300,0
1092309100,2020000,20000,0
1093874000,1564900,-435100,0
1095902900,2028900,28900,0
1097860200,1957300,-42700,0
1099858000,1997800,-2200,0
1101316300,1458300,-541700,0
1103869700,2553400,553400,0
1105870600,2000900,900,0
1107868200,1997600,-2400,0
1109865400,1997200,-2800,0
1112274000,2408600,408600,0
1113879600,1605600,-394400,0
1115061100,1181500,-818500,0
1117369600,2308500,308500,0
1120373500,3003900,1003900,0
1122350400,1976900,-23100,0
1123873300,1522900,-477100,0
1125987600,2114300,114300,0
1127950000,1962400,-37600,0
1129893400,1943400,-56600,0
1131859300,1965900,-34100,0
1133409000,1549700,-450300,0
1136391300,2982300,982300,0
1138409200,2017900,17900,0
1140507500,2098300,98300,0
1142376300,1868800,-131200,0
1143909100,1532800,-467200,0
1145928500,2019400,19400,0
1147950300,2021800,21800,0
1149928100,1977800,-22200,0
1151916900,1988800,-11200,0
1153426300,1509400,-490600,0
1155585700,2159400,159400,0
1158590600,3004900,1004900,0
1160598300,2007700,7700,0
1161294900,696600,-1303400,0
1163595200,2300300,300300,0
1165119600,1524400,-475600,0
1168146700,3027100,1027100,0
1170081500,1934800,-65200,0
1172114100,2032600,32600,0
1173599300,1485200,-514800,0
1175622500,2023200,23200,0
1177609800,1987300,-12700,0
1180103900,2494100,494100,0
1182079300,1975400,-24600,0
1183574000,1494700,-505300,0
1186615200,3041200,1041200,0
1187299500,684300,-1315700,0
1189575600,2276100,276100,0
1192601300,3025700,1025700,0
1193312100,710800,-1289200,0
1196107200,2795100,795100,0
1198124300,2017100,17100,0
1200109800,1985500,-14500,0
1201608000,1498200,-501800,0
1203668300,2060300,60300,0
1204933300,1265000,-735000,0
1208099900,3166600,1166600,0
1210113200,2013300,13300,0
1212094000,1980800,-19200,0
1213578900,1484900,-515100,0
1215872800,2293900,293900,0
1217884600,2011800,11800,0
1219868600,1984000,-16000,0
1221874100,2005500,5500,0
1223320500,1446400,-553600,0
1225639200,2318700,318700,0
1227762300,2123100,123100,0
1229735200,1972900,-27100,0
1231770800,2035600,35600,0
1233738000,1967200,-32800,0
1235721100,1983100,-16900,0
1237734600,2013500,13500,0
1240213800,2479200,479200,0
1242284800,2071000,71000,0
1243753100,1468300,-531700,0
1245782500,2029400,29400,0
1247742600,1960100,-39900,0
1249889900,2147300,147300,0
1251799500,1909600,-90400,0
1253762700,1963200,-36800,0
1255354900,1592200,-407800,0
1258265800,2910900,910900,0
1260297500,2031700,31700,0
1262266500,1969000,-31000,0
1263862100,1595600,-404400,0
1265929600,2067500,67500,0
1268047300,2117700,117700,0
1270013000,1965700,-34300,0
1272077400,2064400,64400,0
1273523100,1445700,-554300,0
1276579700,3056600,1056600,0
1278561100,1981400,-18600,0
1280707000,2145900,145900,0
1281735000,1028000,-972000,0
1283738000,2003000,3000,0
1285235900,1497900,-502100,0
1288292600,3056700,1056700,0
1290245400,1952800,-47200,0
1292269300,2023900,23900,0
1293738900,1469600,-530400,0
1295735400,1996500,-3500,0
1297789800,2054400,54400,0
1300290500,2500700,500700,0
1302304200,2013700,13700,0
1303752100,1447900,-552100,0
1305778800,2026700,26700,0
1307874400,2095600,95600,0
1309895600,2021200,21200,0
1311770300,1874700,-125300,0
1313790900,2020600,20600,0
1315287600,1496700,-503300,0
1318316100,3028500,1028500,0
1319487500,1171400,-828600,0
1322605700,3118200,1118200,0
1323306200,700500,-1299500,0
1326105400,2799200,799200,0
1328099200,1993800,-6200,0
1330114200,2015000,15000,0
1332106900,1992700,-7300,0
1333638900,1532000,-468000,0
1335078800,1439900,-560100,0
1338116700,3037900,1037900,0
1340102400,1985700,-14300,0
1341465600,1363200,-636800,0
1343605900,2140300,140300,0
1345616200,2010300,10300,0
1347611200,1995000,-5000,0
1349593500,1982300,-17700,0
1351587800,1994300,-5700,0
1354125200,2537400,537400,0
1356500800,2375600,375600,0
1358766600,2265800,265800,0
1359131500,364900,-1635100,0
1361587600,2456100,456100,0
1364049800,2462200,462200,0
1366094800,2045000,45000,0
1368035500,1940700,-59300,0
1370064400,2028900,28900,0
1371244200,1179800,-820200,0
1373605400,2361200,361200,0
1375195400,1590000,-410000,0
1377875000,2679600,679600,0
1379944300,2069300,69300,0
1382026400,2082100,82100,0
1383442400,1416000,-584000,0
1386450000,3007600,1007600,0
1388518600,2068600,68600,0
1390441100,1922500,-77500,0
1392442200,2001100,1100,0
1393970900,1528700,-471300,0
1395988000,2017100,17100,0
1398022800,2034800,34800,0
1400484300,2461500,461500,0
1402477800,1993500,-6500,0
1403966400,1488600,-511400,0
1406048800,2082400,82400,0
1408460900,2412100,412100,0
1410474300,2013400,13400,0
1412466500,1992200,-7800,0
1413946400,1479900,-520100,0
1416023500,2077100,77100,0
1417242700,1219200,-780800,0
1420319500,3076800,1076800,0
1422332000,2012500,12500,0
1423862400,1530400,-469600,0
1425878900,2016500,16500,0
1427876000,1997100,-2900,0
1429875900,1999900,-100,0
1431918300,2042400,42400,0
1433354900,1436600,-563400,0
1436349200,2994300,994300,0
1438412300,2063100,63100,0
1440441900,2029600,29600,0
1442460500,2018600,18600,0
1444560200,2099700,99700,0
1446700000,2139800,139800,0
1447420400,720400,-1279600,0
1449737700,2317300,317300,0
1451698000,1960300,-39700,0
1453721500,2023500,23500,0
1455165200,1443700,-556300,0
1458206600,3041400,1041400,0
1460187100,1980500,-19500,0
1462204300,2017200,17200,0
1463807500,1603200,-396800,0
1465695900,1888400,-111600,0
1467742300,2046400,46400,0
1469733400,1991100,-8900,0
1471719500,1986100,-13900,0
1473722200,2002700,2700,0
1475241400,1519200,-480800,0
1478239000,2997600,997600,0
1480259000,2020000,20000,0
1482222700,1963700,-36300,0
1483701800,1479100,-520900,0
1485755300,2053500,53500,0
1487297800,1542500,-457500,0
1490406100,3108300,1108300,0
1492349100,1943000,-57000,0
1493940200,1591100,-408900,0
1495863800,1923600,-76400,0
1497979500,2115700,115700,0
1500417800,2438300,438300,0
1502458900,2041100,41100,0
1504047500,1588600,-411400,0
1505996500,1949000,-51000,0
1507971400,1974900,-25100,0
1510131300,2159900,159900,0
1511356900,1225600,-774400,0
1514528900,3172000,1172000,0
1516621100,2092200,92200,0
1517372000,750900,-1249100,0
1519633100,2261100,261100,0
1521645700,2012600,12600,0
1523646400,2000700,700,0
1525197500,1551100,-448900,0
1527520600,2323100,323100,0
1529716500,2195900,195900,0
1532086300,2369800,369800,0
1533678100,1591800,-408200,0
1535768000,2089900,89900,0
1537677300,1909300,-90700,0
1539684800,2007500,7500,0
1541691400,2006600,6600,0
1543753900,2062500,62500,0
1545212700,1458800,-541200,0
1548192100,2979400,979400,0
1550228700,2036600,36600,0
1552270700,2042000,42000,0
1553702400,1431700,-568300,0
1555752100,2049700,49700,0
1557754800,2002700,2700,0
1559780400,2025600,25600,0
1561878700,2098300,98300,0
1563314600,1435900,-564100,0
1566338300,3023700,1023700,0
1568355400,2017100,17100,0
1570351600,1996200,-3800,0
1572492200,2140600,140600,0
1573865400,1373200,-626800,0
1575894600,2029200,29200,0
1577895400,2000800,800,0
1579875000,1979600,-20400,0
1582104200,2229200,229200,0
1583620500,1516300,-483700,0
1585619600,1999100,-900,0
1587614400,1994800,-5200,0
1589581000,1966600,-33400,0
1592628200,3047200,1047200,0
1593327500,699300,-1300700,0
1596093900,2766400,766400,0
1598120000,2026100,26100,0
1600649500,2529500,529500,0
1601378300,728800,-1271200,0
1603712300,2334000,334000,0
1605121700,1409400,-590600,0
1608141700,3020000,1020000,0
1610123600,1981900,-18100,0
1612163100,2039500,39500,0
1613618100,1455000,-545000,0
1615875600,2257500,257500,0
1618102400,2226800,226800,0
1620408000,2305600,305600,0
1621948500,1540500,-459500,0
1623455900,1507400,-492600,0
1626426600,2970700,970700,0
1628381800,1955200,-44800,0
1630440800,2059000,59000,0
1632534400,2093600,93600,0
1634626900,2092500,92500,0
1635478300,851400,-1148600,0
1637864300,2386000,386000,0
1639865500,2001200,1200,0
1641937300,2071800,71800,0
1643361600,1424300,-575700,0
1646365200,3003600,1003600,0
1648460000,2094800,94800,0
1650446600,1986600,-13400,0
1651593300,1146700,-853300,0
1653575000,1981700,-18300,0
1656121100,2546100,546100,0
1658088100,1967000,-33000,0
1660140000,2051900,51900,0
1662149100,2009100,9100,0
1663606200,1457100,-542900,0
1665930200,2324000,324000,0
1667903900,1973700,-26300,0
1669864800,1960900,-39100,0
1671911100,2046300,46300,0
1673363100,1452000,-548000,0
1676406800,3043700,1043700,0
1678448000,2041200,41200,0
1680495900,2047900,47900,0
1682414800,1918900,-81100,0
1684703100,2288300,288300,0
1685557400,854300,-1145700,0
1688211700,2654300,654300,0
1690242600,2030900,30900,0
1692337300,2094700,94700,0
1693743200,1405900,-594100,0
1695739000,1995800,-4200,0
1697741600,2002600,2600,0
1699784800,2043200,43200,0
1701797800,2013000,13000,0
1703792600,1994800,-5200,0
1705292100,1499500,-500500,0
1708279600,2987500,987500,0
1710315100,2035500,35500,0
1712320700,2005600,5600,0
1713876900,1556200,-443800,0
1715876200,1999300,-700,0
1717869200,1993000,-7000,0
1719882100,2012900,12900,0
1721882800,2000700,700,0
1723879400,1996600,-3400,0
1725311800,1432400,-567600,0
1728438600,3126800,1126800,0
1730369200,1930600,-69400,0
1732382500,2013300,13300,0
1733882900,1500400,-499600,0
1735868400,1985500,-14500,0
1737870000,2001600,1600,0
1739882900,2012900,12900,0
1741878400,1995500,-4500,0
1743326900,1448500,-551500,0
1745680700,2353800,353800,0
1747703300,2022600,22600,0
1749720400,2017100,17100,0
1751699000,1978600,-21400,0
1753733700,2034700,34700,0
1755773900,2040200,40200,0
1757884800,2110900,110900,0
1759887200,2002400,2400,0
1761878700,1991500,-8500,0
1763882900,2004200,4200,0
1765363500,1480600,-519400,0
1768384300,3020800,1020800,0
1770329600,1945300,-54700,0
1772336200,2006600,6600,0
1773870000,1533800,-466200,0
1775889500,2019500,19500,0
1777870500,1981000,-19000,0
1779878900,2008400,8400,0
1781926300,2047400,47400,0
1783315800,1389500,-610500,0
1786384500,3068700,1068700,0
1788377600,1993100,-6900,0
1790455500,2077900,77900,0
1792524500,2069000,69000,0
1793967600,1443100,-556900,0
1796092600,2125000,125000,0
1798077900,1985300,-14700,0
1800053700,1975800,-24200,0
1801573800,1520100,-479900,0
1804637700,3063900,1063900,0
1805314500,676800,-1323200,0
1807932400,2617900,617900,0
1809928500,1996100,-3900,0
1811932600,2004100,4100,0
1813416400,1483800,-516200,0
1815743800,2327400,327400,0
1817746200,2002400,2400,0
1819747200,2001000,1000,0
1821787200,2040000,40000,0
1823177900,1390700,-609300,0
1825707600,2529700,529700,0
1828002800,2295200,295200,0
1830489800,2487000,487000,0
1832502900,2013100,13100,0
1834607200,2104300,104300,0
1835614200,1007000,-993000,0
1837745500,2131300,131300,0
1838982900,1237400,-762600,0
1841961400,2978500,978500,0
1843427600,1466200,-533800,0
1846442900,3015300,1015300,0
1848454300,2011400,11400,0
1850940800,2486500,486500,0
1851634000,693200,-1306800,0
1853541400,1907400,-92600,0
1856882200,3340800,1340800,0
1857551600,669400,-1330600,0
1859873700,2322100,322100,0
1861874900,2001200,1200,0
1863352700,1477800,-522200,0
1866337300,2984600,984600,0
1868429900,2092600,92600,0
1870319300,1889400,-110600,0
1872336300,2017000,17000,0
1873878300,1542000,-458000,0
1875874500,1996200,-3800,0
1877962800,2088300,88300,0
1879410900,1448100,-551900,0
1882443000,3032100,1032100,0
1883879900,1436900,-563100,0
1885919100,2039200,39200,0
1887997200,2078100,78100,0
1889922300,1925100,-74900,0
1892032700,2110400,110400,0
1893406000,1373300,-626700,0
1896416900,3010900,1010900,0
1898531700,2114800,114800,0
1900975000,2443300,443300,0
1901689000,714000,-1286000,0
1903486500,1797500,-202500,0
1905772300,2285800,285800,0
1907758900,1986600,-13400,0
1909769900,2011000,11000,0
1911739400,1969500,-30500,0
1913921500,2182100,182100,0
1916123300,2201800,201800,0
1918105000,1981700,-18300,0
1920119500,2014500,14500,0
1922257500,2138000,138000,0
1923576700,1319200,-680800,0
1925885600,2308900,308900,0
1927931300,2045700,45700,0
1930031800,2100500,100500,0
1932073600,2041800,41800,0
1933551700,1478100,-521900,0
1935751200,2199500,199500,0
1937734200,1983000,-17000,0
1939771200,2037000,37000,0
1941723000,1951800,-48200,0
1943918800,2195800,195800,0
1945129600,1210800,-789200,0
1948170900,3041300,1041300,0
1950159000,1988100,-11900,0
1952132100,1973100,-26900,0
1953633200,1501100,-498900,0
1955667300,2034100,34100,0
1957645000,1977700,-22300,0
1959724800,2079800,79800,0
1961676100,1951300,-48700,0
1963657100,1981000,-19000,0
1965199500,1542400,-457600,0
1968255700,3056200,1056200,0
1970229200,1973500,-26500,0
1972221200,1992000,-8000,0
1973732800,1511600,-488400,0
1975920300,2187500,187500,0
1977784400,1864100,-135900,0
1979886000,2101600,101600,0
1981802400,1916400,-83600,0
1983784300,1981900,-18100,0
1984978700,1194400,-805600,0
1987979100,3000400,1000400,0
1990032400,2053300,53300,0
1992002500,1970100,-29900,0
1993486400,1483900,-516100,0
1996536900,3050500,1050500,0
1998569200,2032300,32300,0
2001153400,2584200,584200,0
2001678900,525500,-1474500,0
2003559200,1880300,-119700,0
2008060600,4501400,2501400,1
2008806700,746100,-1253900,0
2009529500,722800,-1277200,0
2012144300,2614800,614800,0
2013627800,1483500,-516500,0
2015609600,1981800,-18200,0
2017653500,2043900,43900,0
2019641800,1988300,-11700,0
2021746300,2104500,104500,0
2023693100,1946800,-53200,0
2025236400,1543300,-456700,0
2027425100,2188700,188700,0
2030413200,2988100,988100,0
2032629600,2216400,216400,0
2033338900,709300,-1290700,0
2035683600,2344700,344700,0
2036979300,1295700,-704300,0
2039585200,2605900,605900,0
2042077100,2491900,491900,0
2043594100,1517000,-483000,0
2045613600,2019500,19500,0
2047588300,1974700,-25300,0
2050614800,3026500,1026500,0
2051329900,715100,-1284900,0
2053594700,2264800,264800,0
2055128000,1533300,-466700,0
2058147800,3019800,1019800,0
2060130200,1982400,-17600,0
2062154100,2023900,23900,0
2063610300,1456200,-543800,0
2065622900,2012600,12600,0
2067890600,2267700,267700,0
2069706700,1816100,-183900,0
2071664300,1957600,-42400,0
2073889600,2225300,225300,0
2075126900,1237300,-762700,0
2078167200,3040300,1040300,0
2080169900,2002700,2700,0
2082232900,2063000,63000,0
2083706900,1474000,-526000,0
2086000300,2293400,293400,0
2088016700,2016400,16400,0
2089924600,1907900,-92100,0
2092268200,2343600,343600,0
2093637500,1369300,-630700,0
2095666700,2029200,29200,0
2096958400,1291700,-708300,0
2100001000,3042600,1042600,0
2101534700,1533700,-466300,0
2104106300,2571600,571600,0
2105999700,1893400,-106600,0
2108038600,2038900,38900,0
2110197100,2158500,158500,0
2112279300,2082200,82200,0
2113891500,1612200,-387800,0
2115888800,1997300,-2700,0
2117232600,1343800,-656200,0
2120329300,3096700,1096700,0
2122454600,2125300,125300,0
2123892000,1437400,-562600,0
2125898000,2006000,6000,0
2127891700,1993700,-6300,0
2129903300,2011600,11600,0
2131897300,1994000,-6000,0
2133328600,1431300,-568700,0
2136361700,3033100,1033100,0
2138388100,2026400,26400,0
2140448700,2060600,60600,0
2142403400,1954700,-45300,0
2143886400,1483000,-517000,0
2145953800,2067400,67400,0
2147996400,2042600,42600,0
2150003500,2007100,7100,0
2152026600,2023100,23100,0
2153505900,1479300,-520700,0
2156528200,3022300,1022300,0
2157770600,1242400,-757600,0
2159780700,2010100,10100,0
2161931400,2150700,150700,0
2163794600,1863200,-136800,0
2165278400,1483800,-516200,0
2168310300,3031900,1031900,0
2170317400,2007100,7100,0
2172301000,1983600,-16400,0
2173892600,1591600,-408400,0
2175895900,2003300,3300,0
2177942200,2046300,46300,0
2179893800,1951600,-48400,0
2181890000,1996200,-3800,0
2183786000,1896000,-104000,0
2185303500,1517500,-482500,0
2188340800,3037300,1037300,0
2190347900,2007100,7100,0
2192334800,1986900,-13100,0
2193911300,1576500,-423500,0
2195488700,1577400,-422600,0
2198449400,2960700,960700,0
2201159200,2709800,709800,0
2201554600,395400,-1604600,0
2204442100,2887500,887500,0
2206455100,2013000,13000,0
2208464200,2009100,9100,0
2210461500,1997300,-2700,0
2212461000,1999500,-500,0
2213972600,1511600,-488400,0
2216024000,2051400,51400,0
2217976100,1952100,-47900,0
2219953200,1977100,-22900,0
2221957800,2004600,4600,0
2223440100,1482300,-517700,0
2226497200,3057100,1057100,0
2228480800,1983600,-16400,0
2230526900,2046100,46100,0
2232545000,2018100,18100,0
2234084600,1539600,-460400,0
2236122100,2037500,37500,0
2238120000,1997900,-2100,0
2240093300,1973300,-26700,0
2242586000,2492700,492700,0
2244670500,2084500,84500,0
2245378600,708100,-1291900,0
2247632900,2254300,254300,0
2249674900,2042000,42000,0
2251632200,1957300,-42700,0
2253628300,1996100,-3900,0
2255182300,1554000,-446000,0
2258439900,3257600,1257600,0
2260468800,2028900,28900,0
2262446400,1977600,-22400,0
2264000500,1554100,-445900,0
2266015200,2014700,14700,0
2267951800,1936600,-63400,0
2269971200,2019400,19400,0
2272063700,2092500,92500,0
2273581300,1517600,-482400,0
2276597200,3015900,1015900,0
2277326900,729700,-1270300,0
2279623600,2296700,296700,0
2281696500,2072900,72900,0
2283612600,1916100,-83900,0
2285695900,2083300,83300,0
2287687600,1991700,-8300,0
2289770900,2083300,83300,0
2290945200,1174300,-825700,0
2293510400,2565200,565200,0
2296583000,3072600,1072600,0
2298667400,2084400,84400,0
2299179200,511800,-1488200,0
2302081300,2902100,902100,0
2303548000,1466700,-533300,0
2306567300,3019300,1019300,0
2308592400,2025100,25100,0
2309300600,708200,-1291800,0
2311598000,2297400,297400,0
2313638600,2040600,40600,0
2315207800,1569200,-430800,0
2318178800,2971000,971000,0
2320118100,1939300,-60700,0
2322239700,2121600,121600,0
2323584200,1344500,-655500,0
2326641900,3057700,1057700,0
2327363000,721100,-1278900,0
2329579000,2216000,216000,0
2332627500,3048500,1048500,0
2333342500,715000,-1285000,0
2336147800,2805300,805300,0
2338131300,1983500,-16500,0
2340106400,1975100,-24900,0
2342154600,2048200,48200,0
2343590300,1435700,-564300,0
2346592700,3002400,1002400,0
2347331800,739100,-1260900,0
2349663700,2331900,331900,0
2351743700,2080000,80000,0
2353902900,2159200,159200,0
2355623900,1721000,-279000,0
2357573400,1949500,-50500,0
2360586900,3013500,1013500,0
2362591200,2004300,4300,0
2363276500,685300,-1314700,0
2366245700,2969200,969200,0
2367679000,1433300,-566700,0
2369620200,1941200,-58800,0
2371598300,1978100,-21900,0
2373607800,2009500,9500,0
2375130800,1523000,-477000,0
2378233900,3103100,1103100,0
2380364500,2130600,130600,0
2382565300,2200800,200800,0
2384001800,1436500,-563500,0
2386016600,2014800,14800,0
2387994500,1977900,-22100,0
2390051700,2057200,57200,0
2392016200,1964500,-35500,0
2393548000,1531800,-468200,0
2396633600,3085600,1085600,0
2397382400,748800,-1251200,0
2399660800,2278400,278400,0
2401125100,1464300,-535700,0
2403660800,2535700,535700,0
2405664100,2003300,3300,0
2407663400,1999300,-700,0
2409643700,1980300,-19700,0
2411703000,2059300,59300,0
2413642800,1939800,-60200,0
2415171100,1528300,-471700,0
2418327400,3156300,1156300,0
2420313500,1986100,-13900,0
2422297500,1984000,-16000,0
2423772200,1474700,-525300,0
2425901100,2128900,128900,0
2427785900,1884800,-115200,0
2429795000,2009100,9100,0
2431902200,2107200,107200,0
2433794500,1892300,-107700,0
2435318200,1523700,-476300,0
2438299700,2981500,981500,0
2440326600,2026900,26900,0
2442330400,2003800,3800,0
2443790300,1459900,-540100,0
2445886900,2096600,96600,0
2447893500,2006600,6600,0
2449272900,1379400,-620600,0
2451464700,2191800,191800,0
2454886400,3421700,1421700,0
2455620600,734200,-1265800,0
2456804200,1183600,-816400,0
2459270100,2465900,465900,0
2462243400,2973300,973300,0
2463709300,1465900,-534100,0
2465756200,2046900,46900,0
2467901600,2145400,145400,0
2469750400,1848800,-151200,0
2471698000,1947600,-52400,0
2473765200,2067200,67200,0
2475017400,1252200,-747800,0
2477976500,2959100,959100,0
2480021000,2044500,44500,0
2481993700,1972700,-27300,0
2483551200,1557500,-442500,0
2486482300,2931100,931100,0
2488481800,1999500,-500,0
2490508700,2026900,26900,0
2492491600,1982900,-17100,0
2493997400,1505800,-494200,0
2496071400,2074000,74000,0
2498025400,1954000,-46000,0
2499993000,1967600,-32400,0
2501507600,1514600,-485400,0
2504798500,3290900,1290900,0
2505545700,747200,-1252800,0
2507902100,2356400,356400,0
2509896200,1994100,-5900,0
2511917800,2021600,21600,0
2513463900,1546100,-453900,0
2516428000,2964100,964100,0
2518514200,2086200,86200,0
2520420900,1906700,-93300,0
2522435500,2014600,14600,0
2524615200,2179700,179700,0
2525630000,1014800,-985200,0
2527620400,1990400,-9600,0
2529623600,2003200,3200,0
2531639800,2016200,16200,0
2533705000,2065200,65200,0
2534885000,1180000,-820000,0
2537981800,3096800,1096800,0
2539981000,1999200,-800,0
2541965300,1984300,-15700,0
2543477200,1511900,-488100,0
2546625900,3148700,1148700,0
2547637400,1011500,-988500,0
2549613400,1976000,-24000,0
2551633000,2019600,19600,0
2553616400,1983400,-16600,0
2555184700,1568300,-431700,0
2558181800,2997100,997100,0
2560151100,1969300,-30700,0
2562153600,2002500,2500,0
2563720400,1566800,-433200,0
2566039600,2319200,319200,0
2568016700,1977100,-22900,0
2570101500,2084800,84800,0
2572067200,1965700,-34300,0
2573522200,1455000,-545000,0
2576534700,3012500,1012500,0
2578578000,2043300,43300,0
2580548000,1970000,-30000,0
2582543900,1995900,-4100,0
2584065100,1521200,-478800,0
2586041700,1976600,-23400,0
2588082400,2040700,40700,0
2590058100,1975700,-24300,0
2592049100,1991000,-9000,0
2593547900,1498800,-501200,0
2596580400,3032500,1032500,0
2598537600,1957200,-42800,0
2601089200,2551600,551600,0
2601773600,684400,-1315600,0
2603574600,1801000,-199000,0
2606598500,3023900,1023900,0
2607323400,724900,-1275100,0
2609630000,2306600,306600,0
2611603900,1973900,-26100,0
2613691300,2087400,87400,0
2615809400,2118100,118100,0
2617892700,2083300,83300,0
2619964200,2071500,71500,0
2621909100,1944900,-55100,0
2623384800,1475700,-524300,0
2626500000,3115200,1115200,0
2628463300,1963300,-36700,0
2630436200,1972900,-27100,0
2632573200,2137000,137000,0
2634156000,1582800,-417200,0
2636246100,2090100,90100,0
2638277900,2031800,31800,0
2640321200,2043300,43300,0
2642464100,2142900,142900,0
2643897600,1433500,-566500,0
2645399900,1502300,-497700,0
2648391400,2991500,991500,0
2650317000,1925600,-74400,0
2652401400,2084400,84400,0
2653894800,1493400,-506600,0
2655891800,1997000,-3000,0
2658000000,2108200,108200,0
2659224000,1224000,-776000,0
2661786200,2562200,562200,0
2663599700,1813500,-186500,0
2665102000,1502300,-497700,0
2668153000,3051000,1051000,0
2670132900,1979900,-20100,0
2672134400,2001500,1500,0
2673777000,1642600,-357400,0
2675640200,1863200,-136800,0
2677669500,2029300,29300,0
2679591900,1922400,-77600,0
2681622100,2030200,30200,0
2682776400,1154300,-845700,0
2685928900,3152500,1152500,0
2687917900,1989000,-11000,0
2689811100,1893200,-106800,0
2691338400,1527300,-472700,0
2693918600,2580200,580200,0
2696258300,2339700,339700,0
2698302100,2043800,43800,0
2700378100,2076000,76000,0
2701902000,1523900,-476100,0
2703930200,2028200,28200,0
2705318000,1387800,-612200,0
2708396900,3078900,1078900,0
2710341500,1944600,-55400,0
2712347900,2006400,6400,0
2713905000,1557100,-442900,0
2715985000,2080000,80000,0
2717914900,1929900,-70100,0
2719924000,2009100,9100,0
2721905100,1981100,-18900,0
2723341300,1436200,-563800,0
2725898400,2557100,557100,0
2727907000,2008600,8600,0
2729902100,1995100,-4900,0
2731938700,2036600,36600,0
2733366800,1428100,-571900,0
2735808000,2441200,441200,0
2737811300,2003300,3300,0
2739786900,1975600,-24400,0
2741788900,2002000,2000,0
2743798900,2010000,10000,0
2745302800,1503900,-496100,0
2748350100,3047300,1047300,0
2749588100,1238000,-762000,0
2752637800,3049700,1049700,0
2753407200,769400,-1230600,0
2756154000,2746800,746800,0
2758143500,1989500,-10500,0
2760135700,1992200,-7800,0
2762161000,2025300,25300,0
2763608200,1447200,-552800,0
2765655000,2046800,46800,0
2767682600,2027600,27600,0
2769646200,1963600,-36400,0
2771659500,2013300,13300,0
2773693300,2033800,33800,0
2775178600,1485300,-514700,0
2778155700,2977100,977100,0
2780201000,2045300,45300,0
2782162600,1961600,-38400,0
2783680000,1517400,-482600,0
2785660000,1980000,-20000,0
2787647800,1987800,-12200,0
2789689300,2041500,41500,0
2791679100,1989800,-10200,0
2793790600,2111500,111500,0
2795904100,2113500,113500,0
2797800300,1896200,-103800,0
2799892300,2092000,92000,0
2801373500,1481200,-518800,0
2803902500,2529000,529000,0
2805899400,1996900,-3100,0
2807893400,1994000,-6000,0
2809896100,2002700,2700,0
2811901900,2005800,5800,0
2813893500,1991600,-8400,0
2815456200,1562700,-437300,0
2817909500,2453300,453300,0
2819895000,1985500,-14500,0
2821900700,2005700,5700,0
2823325500,1424800,-575200,0
2826405200,3079700,1079700,0
2828517000,2111800,111800,0
2830699100,2182100,182100,0
2831443000,743900,-1256100,0
2833773800,2330800,330800,0
2835300900,1527100,-472900,0
2837675600,2374700,374700,0
2839658800,1983200,-16800,0
2841688300,2029500,29500,0
2843683700,1995400,-4600,0
2845212700,1529000,-471000,0
2848209100,2996400,996400,0
2850171800,1962700,-37300,0
2852165800,1994000,-6000,0
2853684100,1518300,-481700,0
2855689900,2005800,5800,0
2857731600,2041700,41700,0
2859756000,2024400,24400,0
2861894500,2138500,138500,0
2863903100,2008600,8600,0
2865380900,1477800,-522200,0
2868309600,2928700,928700,0
2870371100,2061500,61500,0
2872339800,1968700,-31300,0
2873825500,1485700,-514300,0
2876126900,2301400,301400,0
2878155900,2029000,29000,0
2880129500,1973600,-26400,0
2882129800,2000300,300,0
2883448400,1318600,-681400,0
2886407100,2958700,958700,0
2888413700,2006600,6600,0
2890439500,2025800,25800,0
2892426700,1987200,-12800,0
2893893600,1466900,-533100,0
2895891300,1997700,-2300,0
2897902300,2011000,11000,0
2899898500,1996200,-3800,0
2901434800,1536300,-463700,0
2903971800,2537000,537000,0
2905980200,2008400,8400,0
2907982500,2002300,2300,0
2909998200,2015700,15700,0
2911983800,1985600,-14400,0
2913421000,1437200,-562800,0
2916441600,3020600,1020600,0
2918494100,2052500,52500,0
2920531500,2037400,37400,0
2922959000,2427500,427500,0
2923659700,700700,-1299300,0
2925706800,2047100,47100,0
2926896300,1189500,-810500,0
2929896300,3000000,1000000,0
2931907200,2010900,10900,0
2933421700,1514500,-485500,0
2936409000,2987300,987300,0
2938512400,2103400,103400,0
2940576000,2063600,63600,0
2942569000,1993000,-7000,0
2944099000,1530000,-470000,0
2946086900,1987900,-12100,0
2948113900,2027000,27000,0
2949554400,1440500,-559500,0
2952725200,3170800,1170800,0
2953223400,498200,-1501800,0
2956082800,2859400,859400,0
2958107600,2024800,24800,0
2960110400,2002800,2800,0
2962145200,2034800,34800,0
2963618500,1473300,-526700,0
2965648000,2029500,29500,0
2967689200,2041200,41200,0
2969642200,1953000,-47000,0
2971619500,1977300,-22700,0
2973612400,1992900,-7100,0
2975116700,1504300,-495700,0
2978147400,3030700,1030700,0
2980108300,1960900,-39100,0
2982140000,2031700,31700,0
2983650400,1510400,-489600,0
2985675500,2025100,25100,0
2987681000,2005500,5500,0
2989634200,1953200,-46800,0
2991661600,2027400,27400,0
2993651500,1989900,-10100,0
2995122000,1470500,-529500,0
2998710500,3588500,1588500,0
2999738500,1028000,-972000,0
3001239700,1501200,-498800,0
3003793600,2553900,553900,0
3006946700,3153100,1153100,0
3007692300,745600,-1254400,0
3009194400,1502100,-497900,0
3012227200,3032800,1032800,0
3013747600,1520400,-479600,0
3015984100,2236500,236500,0
3017989800,2005700,5700,0
3020410500,2420700,420700,0
3022596200,2185700,185700,0
3023159200,563000,-1437000,0
3026422100,3262900,1262900,0
3028501500,2079400,79400,0
3030470800,1969300,-30700,0
3031825600,1354800,-645200,0
3033898700,2073100,73100,0
3035339100,1440400,-559600,0
3038690200,3351100,1351100,0
3039438200,748000,-1252000,0
3041707500,2269300,269300,0
3043731800,2024300,24300,0
3045429100,1697300,-302700,0
3047906700,2477600,477600,0
3049125100,1218400,-781600,0
3051242300,2117200,117200,0
3053899000,2656700,656700,0
3055909100,2010100,10100,0
3058099700,2190600,190600,0
3060217800,2118100,118100,0
3062134300,1916500,-83500,0
3063635200,1500900,-499100,0
3065624900,1989700,-10300,0
3067683500,2058600,58600,0
3069640000,1956500,-43500,0
3071666700,2026700,26700,0
3073633400,1966700,-33300,0
3075108200,1474800,-525200,0
3078130900,3022700,1022700,0
3080136500,2005600,5600,0
3082145600,2009100,9100,0
3083639200,1493600,-506400,0
3085739500,2100300,100300,0
3087698000,1958500,-41500,0
3089730200,2032200,32200,0
3091766100,2035900,35900,0
3093717500,1951400,-48600,0
3095904300,2186800,186800,0
3097906400,2002100,2100,0
3099148100,1241700,-758300,0
3102365200,3217100,1217100,0
3103909700,1544500,-455500,0
3105821200,1911500,-88500,0
3108052400,2231200,231200,0
3110100600,2048200,48200,0
3112068600,1968000,-32000,0
3113598900,1530300,-469700,0
3115656100,2057200,57200,0
3117601200,1945100,-54900,0
3119585300,1984100,-15900,0
3122610400,3025100,1025100,0
3123322600,712200,-1287800,0
3125900500,2577900,577900,0
3127908700,2008200,8200,0
3129910600,2001900,1900,0
3131936900,2026300,26300,0
3133355400,1418500,-581500,0
3136369800,3014400,1014400,0
3138469300,2099500,99500,0
3140540900,2071600,71600,0
3142628900,2088000,88000,0
3143633800,1004900,-995100,0
3145066900,1433100,-566900,0
3148058500,2991600,991600,0
3150057300,1998800,-1200,0
3152069000,2011700,11700,0
3153623500,1554500,-445500,0
3155622300,1998800,-1200,0
3157675300,2053000,53000,0
3159621700,1946400,-53600,0
3161674800,2053100,53100,0
3163651400,1976600,-23400,0
3165141200,1489800,-510200,0
3168173700,3032500,1032500,0
3170134500,1960800,-39200,0
3172229900,2095400,95400,0
3173680500,1450600,-549400,0
3175710600,2030100,30100,0
3177680100,1969500,-30500,0
3179694100,2014000,14000,0
3181680800,1986700,-13300,0
3183694200,2013400,13400,0
3185908100,2213900,213900,0
3187910400,2002300,2300,0
3189792300,1881900,-118100,0
3191914400,2122100,122100,0
3193916800,2002400,2400,0
3195312600,1395800,-604200,0
3198362900,3050300,1050300,0
3200328200,1965300,-34700,0
3201918600,1590400,-409600,0
3203916100,1997500,-2500,0
3205327700,1411600,-588400,0
3208350200,3022500,1022500,0
3210396400,2046200,46200,0
3212371700,1975300,-24700,0
3213911300,1539600,-460400,0
3215934500,2023200,23200,0
3217908600,1974100,-25900,0
3219899800,1991200,-8800,0
3221926400,2026600,26600,0
3223369300,1442900,-557100,0
3225800700,2431400,431400,0
3227982000,2181300,181300,0
3229923700,1941700,-58300,0
3231926500,2002800,2800,0
3233509200,1582700,-417300,0
3236534300,3025100,1025100,0
3238574800,2040500,40500,0
3240551400,1976600,-23400,0
3242556000,2004600,4600,0
3244834600,2278600,278600,0
3245612700,778100,-1221900,0
3247272800,1660100,-339900,0
3249426400,2153600,153600,0
3252178700,2752300,752300,0
3253733400,1554700,-445300,0
3256010800,2277400,277400,0
3258000900,1990100,-9900,0
3259982000,1981100,-18900,0
3262133600,2151600,151600,0
3263581700,1448100,-551900,0
3266662400,3080700,1080700,0
3267392400,730000,-1270000,0
3269643200,2250800,250800,0
3271624600,1981400,-18600,0
3273647300,2022700,22700,0
3275159900,1512600,-487400,0
3278458700,3298800,1298800,0
3279749900,1291200,-708800,0
3281744700,1994800,-5200,0
3283745000,2000300,300,0
3285238900,1493900,-506100,0
3288336600,3097700,1097700,0
3290269900,1933300,-66700,0
3292302500,2032600,32600,0
3293778700,1476200,-523800,0
3295908200,2129500,129500,0
3297913000,2004800,4800,0
3299909600,1996600,-3400,0
3301415400,1505800,-494200,0
3304486800,3071400,1071400,0
3305914000,1427200,-572800,0
3307931600,2017600,17600,0
3309084600,1153000,-847000,0
3312148100,3063500,1063500,0
3313592200,1444100,-555900,0
3315702300,2110100,110100,0
3317701700,1999400,-600,0
3319664600,1962900,-37100,0
3321672700,2008100,8100,0
3323721500,2048800,48800,0
3325141800,1420300,-579700,0
3327457400,2315600,315600,0
3329933500,2476100,476100,0
3332009700,2076200,76200,0
3333458700,1449000,-551000,0
3336435800,2977100,977100,0
3338464800,2029000,29000,0
3340425100,1960300,-39700,0
3342467600,2042500,42500,0
3344009300,1541700,-458300,0
3345977700,1968400,-31600,0
3347968300,1990600,-9400,0
3349957400,1989100,-10900,0
3351960800,2003400,3400,0
3353538500,1577700,-422300,0
3356193300,2654800,654800,0
3358211300,2018000,18000,0
3360268000,2056700,56700,0
3362288700,2020700,20700,0
3363757300,1468600,-531400,0
3365922300,2165000,165000,0
3367971000,2048700,48700,0
3370157700,2186700,186700,0
3371975400,1817700,-182300,0
3373513900,1538500,-461500,0
3376589000,3075100,1075100,0
3378507900,1918900,-81100,0
3380509100,2001200,1200,0
3382490900,1981800,-18200,0
3383995600,1504700,-495300,0
3386284600,2289000,289000,0
3387562900,1278300,-721700,0
3390589800,3026900,1026900,0
3392596100,2006300,6300,0
3393305400,709300,-1290700,0
3396126900,2821500,821500,0
3398138700,2011800,11800,0
3400124700,1986000,-14000,0
3401584000,1459300,-540700,0
3404957700,3373700,1373700,0
3405475400,517700,-1482300,0
3408512200,3036800,1036800,0
3410504500,1992300,-7700,0
3412629400,2124900,124900,0
3413460100,830700,-1169300,0
3416626700,3166600,1166600,0
3417354800,728100,-1271900,0
3419708400,2353600,353600,0
3421699900,1991500,-8500,0
3423675300,1975400,-24600,0
3425192000,1516700,-483300,0
3428197600,3005600,1005600,0
3430216500,2018900,18900,0
3432195000,1978500,-21500,0
3433711400,1516400,-483600,0
3435699400,1988000,-12000,0
3437749400,2050000,50000,0
3439701900,1952500,-47500,0
3441719700,2017800,17800,0
3443918500,2198800,198800,0
3445270800,1352300,-647700,0
3448495100,3224300,1224300,0
3450526600,2031500,31500,0
3452824300,2297700,297700,0
3453547200,722900,-1277100,0
3456156100,2608900,608900,0
3458149600,1993500,-6500,0
3460208400,2058800,58800,0
3461643200,1434800,-565200,0
3463628000,1984800,-15200,0
3466039900,2411900,411900,0
3468113800,2073900,73900,0
3470149000,2035200,35200,0
3472128200,1979200,-20800,0
3473610600,1482400,-517600,0
3475840800,2230200,230200,0
3477798500,1957700,-42300,0
3479838900,2040400,40400,0
3481829400,1990500,-9500,0
3483796500,1967100,-32900,0
3485299400,1502900,-497100,0
3488342500,3043100,1043100,0
3490311500,1969000,-31000,0
3492342500,2031000,31000,0
3493829600,1487100,-512900,0
3495921400,2091800,91800,0
3497992400,2071000,71000,0
3499953300,1960900,-39100,0
3501929700,1976400,-23600,0
3503409100,1479400,-520600,0
3506498500,3089400,1089400,0
3508418000,1919500,-80500,0
3510486200,2068200,68200,0
3512413000,1926800,-73200,0
3514554300,2141300,141300,0
3516539500,1985200,-14800,0
3518608200,2068700,68700,0
3519297500,689300,-1310700,0
3521641000,2343500,343500,0
3523597100,1956100,-43900,0
3525039900,1442800,-557200,0
3528082700,3042800,1042800,0
3530061800,1979100,-20900,0
3532135700,2073900,73900,0
3533565800,1430100,-569900,0
3535709700,2143900,143900,0
3537909800,2200100,200100,0
3539935100,2025300,25300,0
3541914000,1978900,-21100,0
3543375300,1461300,-538700,0
3546385500,3010200,1010200,0
3548429200,2043700,43700,0
3550384800,1955600,-44400,0
3552382500,1997700,-2300,0
3554724800,2342300,342300,0
3555461800,737000,-1263000,0
3557754900,2293100,293100,0
3559734800,1979900,-20100,0
3561728500,1993700,-6300,0
3563768200,2039700,39700,0
3565247800,1479600,-520400,0
3568270100,3022300,1022300,0
3569604900,1334800,-665200,0
3571549400,1944500,-55500,0
3574044200,2494800,494800,0
3575918700,1874500,-125500,0
3577968500,2049800,49800,0
3579973100,2004600,4600,0
3582007400,2034300,34300,0
3583511300,1503900,-496100,0
3585914400,2403100,403100,0
3587929300,2014900,14900,0
3589917600,1988300,-11700,0
3591808500,1890900,-109100,0
3593919100,2110600,110600,0
3595315200,1396100,-603900,0
3598404700,3089500,1089500,0
3600317000,1912300,-87700,0
3601914800,1597800,-402200,0
3603920600,2005800,5800,0
3605333600,1413000,-587000,0
3608346400,3012800,1012800,0
3610382600,2036200,36200,0
3612349700,1967100,-32900,0
3613964000,1614300,-385700,0
3615936600,1972600,-27400,0
3617984700,2048100,48100,0
3619964400,1979700,-20300,0
3621951000,1986600,-13400,0
3623393200,1442200,-557800,0
3626392200,2999000,999000,0
3628391300,1999100,-900,0
3630402800,2011500,11500,0
3632417900,2015100,15100,0
3634642300,2224400,224400,0
3635196500,554200,-1445800,0
3637797800,2601300,601300,0
3639536100,1738300,-261700,0
3642561300,3025200,1025200,0
3644048200,1486900,-513100,0
3646225100,2176900,176900,0
3648276800,2051700,51700,0
3650269600,1992800,-7200,0
3652338500,2068900,68900,0
3653797100,1458600,-541400,0
3655792900,1995800,-4200,0
3657773400,1980500,-19500,0
3659782700,2009300,9300,0
3661368500,1585800,-414200,0
3665294500,3926000,1926000,0
3666313400,1018900,-981100,0
3667454000,1140600,-859400,0
3669808900,2354900,354900,0
3671244300,1435400,-564600,0
3673767600,2523300,523300,0
3675315900,1548300,-451700,0
3677487300,2171400,171400,0
3680528000,3040700,1040700,0
3682532100,2004100,4100,0
3684001300,1469200,-530800,0
3686242600,2241300,241300,0
3688334900,2092300,92300,0
3690337700,2002800,2800,0
3692372100,2034400,34400,0
3693832700,1460600,-539400,0
3695936100,2103400,103400,0
3697051700,1115600,-884400,0
3699350700,2299000,299000,0
3702007000,2656300,656300,0
3703441200,1434200,-565800,0
3705601400,2160200,160200,0
3707911500,2310100,310100,0
3710070900,2159400,159400,0
3712012700,1941800,-58200,0
3713489700,1477000,-523000,0
3716495400,3005700,1005700,0
3718556600,2061200,61200,0
3720532700,1976100,-23900,0
3722655800,2123100,123100,0
3723429000,773200,-1226800,0
3726008900,2579900,579900,0
3728007200,1998300,-1700,0
3730072400,2065200,65200,0
3732125200,2052800,52800,0
3733515800,1390600,-609400,0
3735760700,2244900,244900,0
3737927300,2166600,166600,0
3739062900,1135600,-864400,0
3742087200,3024300,1024300,0
3743607000,1519800,-480200,0
3745607000,2000000,0,0
3747594800,1987800,-12200,0
3749603000,2008200,8200,0
3751595600,1992600,-7400,0
3753598200,2002600,2600,0
3755102200,1504000,-496000,0
3758106600,3004400,1004400,0
3760155800,2049200,49200,0
3762311700,2155900,155900,0
3763776000,1464300,-535700,0
3766156500,2380500,380500,0
3768238800,2082300,82300,0
3770334800,2096000,96000,0
3772330400,1995600,-4400,0
3773813800,1483400,-516600,0
3775812100,1998300,-1700,0
3777929700,2117600,117600,0
3779937800,2008100,8100,0
3781812700,1874900,-125100,0
3783837000,2024300,24300,0
3785343500,1506500,-493500,0
3788338800,2995300,995300,0
3790356300,2017500,17500,0
3792393200,2036900,36900,0
3793929700,1536500,-463500,0
3795927500,1997800,-2200,0
3797923600,1996100,-3900,0
3799949600,2026000,26000,0
3801913800,1964200,-35800,0
3803929500,2015700,15700,0
3805938000,2008500,8500,0
3807912300,1974300,-25700,0
3809924500,2012200,12200,0
3811929000,2004500,4500,0
3813455100,1526100,-473900,0
3816670600,3215500,1215500,0
3817425000,754400,-1245600,0
3819734900,2309900,309900,0
3821736200,2001300,1300,0
3823775500,2039300,39300,0
3825202600,1427100,-572900,0
3828211300,3008700,1008700,0
3830204000,1992700,-7300,0
3832215000,2011000,11000,0
3833695200,1480200,-519800,0
3835757300,2062100,62100,0
3837774000,2016700,16700,0
3839717600,1943600,-56400,0
3841738400,2020800,20800,0
3843926600,2188200,188200,0
3845211600,1285000,-715000,0
3848306500,3094900,1094900,0
3850305300,1998800,-1200,0
3852261800,1956500,-43500,0
3853751600,1489800,-510200,0
3855926100,2174500,174500,0
3857156800,1230700,-769300,0
3860161400,3004600,1004600,0
3862397000,2235600,235600,0
3864523000,2126000,126000,0
3866685100,2162100,162100,0
3867432200,747100,-1252900,0
3869697200,2265000,265000,0
3871747600,2050400,50400,0
3873731500,1983900,-16100,0
3875211300,1479800,-520200,0
3878228400,3017100,1017100,0
3880239600,2011200,11200,0
3882267800,2028200,28200,0
3883687200,1419400,-580600,0
3885771300,2084100,84100,0
3887725800,1954500,-45500,0
3889728800,2003000,3000,0
3891781100,2052300,52300,0
3893383900,1602800,-397200,0
3896415700,3031800,1031800,0
3898498100,2082400,82400,0
3900434500,1936400,-63600,0
3901917900,1483400,-516600,0
3903930800,2012900,12900,0
3905427500,1496700,-503300,0
3908407400,2979900,979900,0
3910489200,2081800,81800,0
3912380300,1891100,-108900,0
3913915500,1535200,-464800,0
3915933100,2017600,17600,0
3917918700,1985600,-14400,0
3920005100,2086400,86400,0
3921947900,1942800,-57200,0
3923533200,1585300,-414700,0
3925745800,2212600,212600,0
3927835000,2089200,89200,0
3929799700,1964700,-35300,0
3931813000,2013300,13300,0
3933765000,1952000,-48000,0
3935248500,1483500,-516500,0
3937568900,2320400,320400,0
3940560700,2991800,991800,0
3942615400,2054700,54700,0
3943299700,684300,-1315700,0
3946113400,2813700,813700,0
3948189600,2076200,76200,0
3950159000,1969400,-30600,0
3952184900,2025900,25900,0
3953676600,1491700,-508300,0
3955721700,2045100,45100,0
3957729800,2008100,8100,0
3959704300,1974500,-25500,0
3961668100,1963800,-36200,0
3963703200,2035100,35100,0
3965271900,1568700,-431300,0
3967669200,2397300,397300,0
3969729000,2059800,59800,0
3971648200,1919200,-80800,0
3973670000,2021800,21800,0
3975203200,1533200,-466800,0
3978195200,2992000,992000,0
3980155200,1960000,-40000,0
3982164900,2009700,9700,0
3983660300,1495400,-504600,0
3985839700,2179400,179400,0
3987937800,2098100,98100,0
3989926700,1988900,-11100,0
3991934300,2007600,7600,0
3993448000,1513700,-486300,0
3996484500,3036500,1036500,0
3998486100,2001600,1600,0
4000471200,1985100,-14900,0
4002076900,1605700,-394300,0
4003642900,1566000,-434000,0
4005758600,2115700,115700,0
4009099800,3341200,1341200,0
4009833800,734000,-1266000,0
4011730800,1897000,-103000,0
4013712600,1981800,-18200,0
4015193600,1481000,-519000,0
4018203100,3009500,1009500,0
4019696100,1493000,-507000,0
4021732200,2036100,36100,0
4023681200,1949000,-51000,0
4025208600,1527400,-472600,0
4028261900,3053300,1053300,0
4030197400,1935500,-64500,0
4032306300,2108900,108900,0
4033760200,1453900,-546100,0
4036230500,2470300,470300,0
4038339100,2108600,108600,0
4040331300,1992200,-7800,0
4042318400,1987100,-12900,0
4043815300,1496900,-503100,0
4045938800,2123500,123500,0
4047990900,2052100,52100,0
4050165200,2174300,174300,0
4052149600,1984400,-15600,0
4053614000,1464400,-535600,0
4055626000,2012000,12000,0
4057687800,2061800,61800,0
4059729200,2041400,41400,0
4061166000,1436800,-563200,0
4063684500,2518500,518500,0
4065771500,2087000,87000,0
4067817200,2045700,45700,0
4069756700,1939500,-60500,0
4071828900,2072200,72200,0
4073796100,1967200,-32800,0
4075276200,1480100,-519900,0
4078428600,3152400,1152400,0
4080263100,1834500,-165500,0
4082310200,2047100,47100,0
4083787000,1476800,-523200,0
4085850700,2063700,63700,0
4087811500,1960800,-39200,0
4089804600,1993100,-6900,0
4091802700,1998100,-1900,0
4093978700,2176000,176000,0
4095162200,1183500,-816500,0
4098306900,3144700,1144700,0
4100162900,1856000,-144000,0
4102168200,2005300,5300,0
4103685500,1517300,-482700,0
4105715100,2029600,29600,0
4107699600,1984500,-15500,0
4109757600,2058000,58000,0
4111674900,1917300,-82700,0
4113670800,1995900,-4100,0
4115782400,2111600,111600,0
4117933600,2151200,151200,0
4119808300,1874700,-125300,0
4121345400,1537100,-462900,0
4123673000,2327600,327600,0
4126029300,2356300,356300,0
4128136300,2107000,107000,0
4130136200,1999900,-100,0
4132644300,2508100,508100,0
4133198700,554400,-1445600,0
4135945000,2746300,746300,0
4137953000,2008000,8000,0
4139943600,1990600,-9400,0
4141921200,1977600,-22400,0
4143451800,1530600,-469400,0
4146465200,3013400,1013400,0
4148573500,2108300,108300,0
4150555700,1982200,-17800,0
4152577200,2021500,21500,0
4154056500,1479300,-520700,0
4156107600,2051100,51100,0
4157287500,1179900,-820100,0
4160298900,3011400,1011400,0
4162302300,2003400,3400,0
4163574100,1271800,-728200,0
4165780600,2206500,206500,0
4167830800,2050200,50200,0
4169807200,1976400,-23600,0
4171867500,2060300,60300,0
4173775300,1907800,-92200,0
4175291400,1516100,-483900,0
4177818700,2527300,527300,0
4179824500,2005800,5800,0
4181814800,1990300,-9700,0
4182981200,1166400,-833600,0
4185811500,2830300,830300,0
4187946000,2134500,134500,0
4189930400,1984400,-15600,0
4191929900,1999500,-500,0
4193124400,1194500,-805500,0
4196086400,2962000,962000,0
4198270500,2184100,184100,0
4200232700,1962200,-37800,0
4202242500,2009800,9800,0
4203782200,1539700,-460300,0
4205949700,2167500,167500,0
4207932300,1982600,-17400,0
4209927600,1995300,-4700,0
4211927500,1999900,-100,0
4213925800,1998300,-1700,0
4215331400,1405600,-594400,0
4218355100,3023700,1023700,0
4220528200,2173100,173100,0
4222515000,1986800,-13200,0
4224637500,2122500,122500,0
4225348900,711400,-1288600,0
4227509200,2160300,160300,0
4230042700,2533500,533500,0
4232144100,2101400,101400,0
4233584100,1440000,-560000,0
4236012300,2428200,428200,0
4238068100,2055800,55800,0
4239994000,1925900,-74100,0
4242005800,2011800,11800,0
4243493100,1487300,-512700,0
4246497300,3004200,1004200,0
4248597900,2100600,100600,0
4249171600,573700,-1426300,0
4251862600,2691000,691000,0
4253249000,1386400,-613600,0
4255729400,2480400,480400,0
4257791000,2061600,61600,0
4259721600,1930600,-69400,0
4261726000,2004400,4400,0
4263779100,2053100,53100,0
4265306300,1527200,-472800,0
4267564500,2258200,258200,0
4270655500,3091000,1091000,0
4271513100,857600,-1142400,0
4274797800,3284700,1284700,0
4275489000,691200,-1308800,0
4277998700,2509700,509700,0
4280170000,2171300,171300,0
4282589000,2419000,419000,0
4284657900,2068900,68900,0
4285381800,723900,-1276100,0
4287815300,2433500,433500,0
4289941600,2126300,126300,0
4292000500,2058900,58900,0
4293481700,1481200,-518800,0
4296068100,2586400,586400,0
4297638100,1570000,-430000,0
4299930800,2292700,292700,0
4302041900,2111100,111100,0
4303562000,1520100,-479900,0
4306690800,3128800,1128800,0
4307412100,721300,-1278700,0
4309674800,2262700,262700,0
4311725400,2050600,50600,0
4313775700,2050300,50300,0
4315360200,1584500,-415500,0
4318295600,2935400,935400,0
4320357500,2061900,61900,0
4322301000,1943500,-56500,0
4323785900,1484900,-515100,0
4325806300,2020400,20400,0
4327852700,2046400,46400,0
4329820700,1968000,-32000,0
4331826800,2006100,6100,0
4332998000,1171200,-828800,0
4335522800,2524800,524800,0
4338533900,3011100,1011100,0
4340519700,1985800,-14200,0
4342518900,1999200,-800,0
4344003200,1484300,-515700,0
4346021700,2018500,18500,0
4348179100,2157400,157400,0
4350082100,1903000,-97000,0
4352032500,1950400,-49600,0
4353551000,1518500,-481500,0
4356544900,2993900,993900,0
4358515700,1970800,-29200,0
4360528500,2012800,12800,0
4362990300,2461800,461800,0
4363712900,722600,-1277400,0
4365653600,1940700,-59300,0
4367706000,2052400,52400,0
4369679400,1973400,-26600,0
4371677700,1998300,-1700,0
4373685100,2007400,7400,0
4374823400,1138300,-861700,0
4377841800,3018400,1018400,0
4379872900,2031100,31100,0
4382126500,2253600,253600,0
4383634400,1507900,-492100,0
4385736100,2101700,101700,0
4387810500,2074400,74400,0
4389737400,1926900,-73100,0
4391713500,1976100,-23900,0
4393763400,2049900,49900,0
4395480500,1717100,-282900,0
4398278900,2798400,798400,0
4400287400,2008500,8500,0
4402293300,2005900,5900,0
4403868300,1575000,-425000,0
4405926200,2057900,57900,0
4407959500,2033300,33300,0
4409946600,1987100,-12900,0
4411932800,1986200,-13800,0
4413399000,1466200,-533800,0
4416412000,3013000,1013000,0
4417939800,1527800,-472200,0
4419950500,2010700,10700,0
4421941400,1990900,-9100,0
4423949200,2007800,7800,0
4425634600,1685400,-314600,0
4427628900,1994300,-5700,0
4429649700,2020800,20800,0
4431667400,2017700,17700,0
4433649700,1982300,-17700,0
4435137700,1488000,-512000,0
4437336700,2199000,199000,0
4440430300,3093600,1093600,0
4442423800,1993500,-6500,0
4443936500,1512700,-487300,0
4445940400,2003900,3900,0
4447936500,1996100,-3900,0
4449930000,1993500,-6500,0
4451989300,2059300,59300,0
4453472400,1483100,-516900,0
4455740600,2268200,268200,0
4457952800,2212200,212200,0
4460237200,2284400,284400,0
4462240000,2002800,2800,0
4463815900,1575900,-424100,0
4465735500,1919600,-80400,0
4467368300,1632800,-367200,0
4470210800,2842500,842500,0
4472213300,2002500,2500,0
4473775100,1561800,-438200,0
4475704800,1929700,-70300,0
4477793200,2088400,88400,0
4479724300,1931100,-68900,0
4481746800,2022500,22500,0
4483735600,1988800,-11200,0
4486089900,2354300,354300,0
4488071400,1981500,-18500,0
4490046400,1975000,-25000,0
4492058200,2011800,11800,0
4493550500,1492300,-507700,0
4496604200,3053700,1053700,0
4497314300,710100,-1289900,0
4499543800,2229500,229500,0
4502591400,3047600,1047600,0
4503300000,708600,-1291400,0
4505607300,2307300,307300,0
4507617100,2009800,9800,0
4509631300,2014200,14200,0
4511639600,2008300,8300,0
4513142300,1502700,-497300,0
4515783100,2640800,640800,0
4517790000,2006900,6900,0
4519830100,2040100,40100,0
4521785800,1955700,-44300,0
4523791900,2006100,6100,0
4525309200,1517300,-482700,0
4528365500,3056300,1056300,0
4530294500,1929000,-71000,0
4532631400,2336900,336900,0
4533347900,716500,-1283500,0
4536262200,2914300,914300,0
4538184000,1921800,-78200,0
4539627800,1443800,-556200,0
4541671800,2044000,44000,0
4543965000,2293200,293200,0
4545814000,1849000,-151000,0
4547942300,2128300,128300,0
4549775200,1832900,-167100,0
4551797800,2022600,22600,0
4553827800,2030000,30000,0
4555340000,1512200,-487800,0
4558304600,2964600,964600,0
4560296100,1991500,-8500,0
4562301200,2005100,5100,0
4563805400,1504200,-495800,0
4565587900,1782500,-217500,0
4568626100,3038200,1038200,0
4569320500,694400,-1305600,0
4571615800,2295300,295300,0
4572751400,1135600,-864400,0
4575446500,2695100,695100,0
4578405600,2959100,959100,0
4580508700,2103100,103100,0
4582576400,2067700,67700,0
4584041400,1465000,-535000,0
4586064500,2023100,23100,0
4588114000,2049500,49500,0
4590134100,2020100,20100,0
4592131300,1997200,-2800,0
4593581700,1450400,-549600,0
4596626000,3044300,1044300,0
4597347200,721200,-1278800,0
4599747800,2400600,400600,0
4602036700,2288900,288900,0
4603530100,1493400,-506600,0
4605720500,2190400,190400,0
4608173100,2452600,452600,0
4610244800,2071700,71700,0
4612195800,1951000,-49000,0
4613707000,1511200,-488800,0
4615750200,2043200,43200,0
4617772600,2022400,22400,0
4619740300,1967700,-32300,0
4621814300,2074000,74000,0
4622990700,1176400,-823600,0
4625478100,2487400,487400,0
4628526600,3048500,1048500,0
4630477200,1950600,-49400,0
4632526600,2049400,49400,0
4633982800,1456200,-543800,0
4636034600,2051800,51800,0
4637999100,1964500,-35500,0
4640021400,2022300,22300,0
4642003400,1982000,-18000,0
4643506300,1502900,-497100,0
4646528300,3022000,1022000,0
4648535000,2006700,6700,0
4649671200,1136200,-863800,0
4651747200,2076000,76000,0
4653734100,1986900,-13100,0
4655285200,1551100,-448900,0
4658265000,2979800,979800,0
4660253900,1988900,-11100,0
4662262600,2008700,8700,0
4663790100,1527500,-472500,0
4665746200,1956100,-43900,0
4667830300,2084100,84100,0
4669825500,1995200,-4800,0
4671816000,1990500,-9500,0
4673810800,1994800,-5200,0
4675011200,1200400,-799600,0
4677285100,2273900,273900,0
4680306400,3021300,1021300,0
4682322900,2016500,16500,0
4683790700,1467800,-532200,0
4685801800,2011100,11100,0
4687849300,2047500,47500,0
4689937200,2087900,87900,0
4691984900,2047700,47700,0
4693473100,1488200,-511800,0
4695842400,2369300,369300,0
4697947600,2105200,105200,0
4699946800,1999200,-800,0
4701483300,1536500,-463500,0
4704012000,2528700,528700,0
4706043700,2031700,31700,0
4708016800,1973100,-26900,0
4710047300,2030500,30500,0
4712004400,1957100,-42900,0
4713508300,1503900,-496100,0
4716786800,3278500,1278500,0
4717310400,523600,-1476400,0
4719679900,2369500,369500,0
4721716800,2036900,36900,0
4722997600,1280800,-719200,0
4725943300,2945700,945700,0
4727964400,2021100,21100,0
4730049700,2085300,85300,0
4732369700,2320000,320000,0
4733802700,1433000,-567000,0
4735947500,2144800,144800,0
4738068100,2120600,120600,0
4740061900,1993800,-6200,0
4742037100,1975200,-24800,0
4743479700,1442600,-557400,0
4746571600,3091900,1091900,0
4748496100,1924500,-75500,0
4750537300,2041200,41200,0
4752490800,1953500,-46500,0
4754576300,2085500,85500,0
4755881900,1305600,-694400,0
4757853500,1971600,-28400,0
4759807500,1954000,-46000,0
4761977100,2169600,169600,0
4763859300,1882200,-117800,0
4765304900,1445600,-554400,0
4768511000,3206100,1206100,0
4770532900,2021900,21900,0
4772528900,1996000,-4000,0
4774549800,2020900,20900,0
4776591000,2041200,41200,0
4777145600,554600,-1445400,0
4779511300,2365700,365700,0
4782510200,2998900,998900,0
4784028500,1518300,-481700,0
4786076700,2048200,48200,0
4788050400,1973700,-26300,0
4790012300,1961900,-38100,0
4792011100,1998800,-1200,0
4793582000,1570900,-429100,0
4795943300,2361300,361300,0
4797983200,2039900,39900,0
4799936900,1953700,-46300,0
4802414400,2477500,477500,0
4804022300,1607900,-392100,0
4805964500,1942200,-57800,0
4808001100,2036600,36600,0
4810309000,2307900,307900,0
4812340600,2031600,31600,0
4813867700,1527100,-472900,0
4815832700,1965000,-35000,0
4817953300,2120600,120600,0
4819947000,1993700,-6300,0
4821946700,1999700,-300,0
4823951000,2004300,4300,0
4825370300,1419300,-580700,0
4827726000,2355700,355700,0
4829674700,1948700,-51300,0
4831932600,2257900,257900,0
4833688700,1756100,-243900,0
4835193700,1505000,-495000,0
4838212800,3019100,1019100,0
4840304200,2091400,91400,0
4842422500,2118300,118300,0
4843955700,1533200,-466800,0
4845945300,1989600,-10400,0
4848012700,2067400,67400,0
4850492500,2479800,479800,0
4851621700,1129200,-870800,0
4853724400,2102700,102700,0
4855832400,2108000,108000,0
4857861000,2028600,28600,0
4859846800,1985800,-14200,0
4861814900,1968100,-31900,0
4863850800,2035900,35900,0
4865946100,2095300,95300,0
4867938300,1992200,-7800,0
4870015900,2077600,77600,0
4872354900,2339000,339000,0
4874053100,1698200,-301800,0
4875290800,1237700,-762300,0
4878319700,3028900,1028900,0
4880303100,1983400,-16600,0
4881748000,1444900,-555100,0
4883761100,2013100,13100,0
4885267000,1505900,-494100,0
4888331100,3064100,1064100,0
4890323600,1992500,-7500,0
4892459500,2135900,135900,0
4893770500,1311000,-689000,0
4895799400,2028900,28900,0
4897807700,2008300,8300,0
4899788900,1981200,-18800,0
4902387300,2598400,598400,0
4903938300,1551000,-449000,0
4905994000,2055700,55700,0
4908003700,2009700,9700,0
4910007400,2003700,3700,0
4911998400,1991000,-9000,0
4913472900,1474500,-525500,0
4916620000,3147100,1147100,0
4917145400,525400,-1474600,0
4919810500,2665100,665100,0
4921749800,1939300,-60700,0
4923769500,2019700,19700,0
4925277200,1507700,-492300,0
4928262200,2985000,985000,0
4930295600,2033400,33400,0
4932333900,2038300,38300,0
4933757700,1423800,-576200,0
4935805800,2048100,48100,0
4937830700,2024900,24900,0
4939798400,1967700,-32300,0
4942047700,2249300,249300,0
4943587600,1539900,-460100,0
4945945900,2358300,358300,0
4948207400,2261500,261500,0
4950186000,1978600,-21400,0
4952210700,2024700,24700,0
4953718100,1507400,-492600,0
4955820600,2102500,102500,0
4957801300,1980700,-19300,0
4959779200,1977900,-22100,0
4961813700,2034500,34500,0
4963869600,2055900,55900,0
4965366800,1497200,-502800,0
4968365000,2998200,998200,0
4970479600,2114600,114600,0
4972488500,2008900,8900,0
4973992300,1503800,-496200,0
4975994300,2002000,2000,0
4978044100,2049800,49800,0
4980031100,1987000,-13000,0
4982005400,1974300,-25700,0
4983615200,1609800,-390200,0
4985564300,1949100,-50900,0
4987808800,2244500,244500,0
4990082800,2274000,274000,0
4992049500,1966700,-33300,0
4993461600,1412100,-587900,0
4996454200,2992600,992600,0
4998510300,2056100,56100,0
5000451100,1940800,-59200,0
5002465000,2013900,13900,0
5004547900,2082900,82900,0
5006504800,1956900,-43100,0
5009576000,3071200,1071200,0
5010616500,1040500,-959500,0
5011469900,853400,-1146600,0
5013724700,2254800,254800,0
5015734900,2010200,10200,0
5017760500,2025600,25600,0
5019705800,1945300,-54700,0
5021704500,1998700,-1300,0
5023720200,2015700,15700,0
5025251400,1531200,-468800,0
5027416200,2164800,164800,0
5030496000,3079800,1079800,0
5032969800,2473800,473800,0
5033491400,521600,-1478400,0
5036526500,3035100,1035100,0
5038815900,2289400,289400,0
5039566900,751000,-1249000,0
5042209500,2642600,642600,0
5043710700,1501200,-498800,0
5045832300,2121600,121600,0
5047959000,2126700,126700,0
5049943500,1984500,-15500,0
5051863900,1920400,-79600,0
5053815500,1951600,-48400,0
5055344000,1528500,-471500,0
5057511000,2167000,167000,0
5060571400,3060400,1060400,0
5062571100,1999700,-300,0
5064726600,2155500,155500,0
5065458400,731800,-1268200,0
5067752800,2294400,294400,0
5069833900,2081100,81100,0
5071981100,2147200,147200,0
5073956000,1974900,-25100,0
5075639300,1683300,-316700,0
5078050300,2411000,411000,0
5080176900,2126600,126600,0
5082282300,2105400,105400,0
5083772400,1490100,-509900,0
5085783200,2010800,10800,0
5087733300,1950100,-49900,0
5089774200,2040900,40900,0
5091753200,1979000,-21000,0
5093769500,2016300,16300,0
5095234800,1465300,-534700,0
5098242100,3007300,1007300,0
5100253600,2011500,11500,0
5102815300,2561700,561700,0
5103522100,706800,-1293200,0
5106269900,2747800,747800,0
5108250000,1980100,-19900,0
5110265700,2015700,15700,0
5112258300,1992600,-7400,0
5113818100,1559800,-440200,0
5115991000,2172900,172900,0
5117982200,1991200,-8800,0
5119952200,1970000,-30000,0
5121948800,1996600,-3400,0
5123444900,1496100,-503900,0
5125999500,2554600,554600,0
5128023600,2024100,24100,0
5130023300,1999700,-300,0
5131968900,1945600,-54400,0
5133505100,1536200,-463800,0
5136477600,2972500,972500,0
5138501400,2023800,23800,0
5140500800,1999400,-600,0
5142598200,2097400,97400,0
5143283900,685700,-1314300,0
5146078700,2794800,794800,0
5148122900,2044200,44200,0
5150114900,1992000,-8000,0
5152117300,2002400,2400,0
5153582600,1465300,-534700,0
5156652400,3069800,1069800,0
5157346800,694400,-1305600,0
5159581200,2234400,234400,0
5162659800,3078600,1078600,0
5163371300,711500,-1288500,0
5166112200,2740900,740900,0
5168118800,2006600,6600,0
5170135700,2016900,16900,0
5172160100,2024400,24400,0
5173737500,1577400,-422600,0
5175704300,1966800,-33200,0
5177634200,1929900,-70100,0
5179712000,2077800,77800,0
5181660600,1948600,-51400,0
5183661200,2000600,600,0
5185201600,1540400,-459600,0
5188231500,3029900,1029900,0
5190180900,1949400,-50600,0
5192176100,1995200,-4800,0
5193665900,1489800,-510200,0
5195707400,2041500,41500,0
5197677400,1970000,-30000,0
5199623300,1945900,-54100,0
5201633500,2010200,10200,0
5203216300,1582800,-417200,0
5205715300,2499000,499000,0
5207696600,1981300,-18700,0
5209717900,2021300,21300,0
5211728100,2010200,10200,0
5213981300,2253200,253200,0
5216022000,2040700,40700,0
5218401100,2379100,379100,0
5220676200,2275100,275100,0
5221374000,697800,-1302200,0
5223776700,2402700,402700,0
5225268800,1492100,-507900,0
5228553700,3284900,1284900,0
5230565500,2011800,11800,0
5232596400,2030900,30900,0
5233305800,709400,-1290600,0
5236092000,2786200,786200,0
5238106900,2014900,14900,0
5240085100,1978200,-21800,0
5242150400,2065300,65300,0
5243578300,1427900,-572100,0
5246700000,3121700,1121700,0
5247257200,557200,-1442800,0
5249646600,2389400,389400,0
5251653400,2006800,6800,0
5253595300,1941900,-58100,0
5255127300,1532000,-468000,0
5258120500,2993200,993200,0
5259700500,1580000,-420000,0
5261697500,1997000,-3000,0
5263739000,2041500,41500,0
5265287700,1548700,-451300,0
5268234600,2946900,946900,0
5270225100,1990500,-9500,0
5272314000,2088900,88900,0
5273962400,1648400,-351600,0
5275830600,1868200,-131800,0
5277863500,2032900,32900,0
5279836700,1973200,-26800,0
5281888300,2051600,51600,0
5283513700,1625400,-374600,0
5285700500,2186800,186800,0
5287682100,1981600,-18400,0
5289819500,2137400,137400,0
5291784000,1964500,-35500,0
5293791000,2007000,7000,0
5295273700,1482700,-517300,0
5298507200,3233500,1233500,0
5300424800,1917600,-82400,0
5302984000,2559200,559200,0
5303725100,741100,-1258900,0
5305442000,1716900,-283100,0
5308462200,3020200,1020200,0
5310476500,2014300,14300,0
5312469200,1992700,-7300,0
5314027100,1557900,-442100,0
5315968900,1941800,-58200,0
5318153500,2184600,184600,0
5320268600,2115100,115100,0
5322301000,2032400,32400,0
5323810300,1509300,-490700,0
5325958000,2147700,147700,0
5327880600,1922600,-77400,0
5329962200,2081600,81600,0
5331878800,1916600,-83400,0
5333980300,2101500,101500,0
5335609300,1629000,-371000,0
5337666400,2057100,57100,0
5339681800,2015400,15400,0
5341673100,1991300,-8700,0
5343670200,1997100,-2900,0
5345198400,1528200,-471800,0
5348203800,3005400,1005400,0
5350163000,1959200,-40800,0
5352157100,1994100,-5900,0
5353718100,1561000,-439000,0
5355751400,2033300,33300,0
5357761000,2009600,9600,0
5359740300,1979300,-20700,0
5361785100,2044800,44800,0
5363740000,1954900,-45100,0
5365287600,1547600,-452400,0
5368259000,2971400,971400,0
5370263900,2004900,4900,0
5372315000,2051100,51100,0
5373764600,1449600,-550400,0
5375776000,2011400,11400,0
5377778900,2002900,2900,0
5379871600,2092700,92700,0
5381792500,1920900,-79100,0
5383961300,2168800,168800,0
5385425100,1463800,-536200,0
5388407400,2982300,982300,0
5390438600,2031200,31200,0
5392531100,2092500,92500,0
5394052100,1521000,-479000,0
5396075800,2023700,23700,0
5398087800,2012000,12000,0
5400022300,1934500,-65500,0
5402032900,2010600,10600,0
5403608200,1575300,-424700,0
5405823400,2215200,215200,0
5407958700,2135300,135300,0
5409839300,1880600,-119400,0
5411838200,1998900,-1100,0
5413846100,2007900,7900,0
5415355900,1509800,-490200,0
5418419200,3063300,1063300,0
5420452000,2032800,32800,0
5422435600,1983600,-16400,0
5423958500,1522900,-477100,0
5425984800,2026300,26300,0
5428154000,2169200,169200,0
5430184400,2030400,30400,0
5432205500,2021100,21100,0
5433654400,1448900,-551100,0
5435691700,2037300,37300,0
5437885300,2193600,193600,0
5439638400,1753100,-246900,0
5441653400,2015000,15000,0
5443785400,2132000,132000,0
5445203300,1417900,-582100,0
5448225600,3022300,1022300,0
5450177200,1951600,-48400,0
5452160300,1983100,-16900,0
5453666900,1506600,-493400,0
5455712100,2045200,45200,0
5457682600,1970500,-29500,0
5459718400,2035800,35800,0
5461701200,1982800,-17200,0
5463701900,2000700,700,0
5465249500,1547600,-452400,0
5468290300,3040800,1040800,0
5470322400,2032100,32100,0
5472351100,2028700,28700,0
5473811600,1460500,-539500,0
5475954400,2142800,142800,0
5477961000,2006600,6600,0
5479960800,1999800,-200,0
5481962100,2001300,1300,0
5483869600,1907500,-92500,0
5485415900,1546300,-453700,0
5488384800,2968900,968900,0
5489746100,1361300,-638700,0
5491850100,2104000,104000,0
5493871600,2021500,21500,0
5495956000,2084400,84400,0
5497964900,2008900,8900,0
5499951800,1986900,-13100,0
5502002800,2051000,51000,0
5503508800,1506000,-494000,0
5506020800,2512000,512000,0
5508012500,1991700,-8300,0
5510497300,2484800,484800,0
5511714300,1217000,-783000,0
5513764700,2050400,50400,0
5515343400,1578700,-421300,0
5518378400,3035000,1035000,0
5520272400,1894000,-106000,0
5522343800,2071400,71400,0
5523775700,1431900,-568100,0
5525832400,2056700,56700,0
5527815900,1983500,-16500,0
5529806700,1990800,-9200,0
5531876000,2069300,69300,0
5533826000,1950000,-50000,0
5535339400,1513400,-486600,0
5538352700,3013300,1013300,0
5540434500,2081800,81800,0
5542460800,2026300,26300,0
5543953100,1492300,-507700,0
5545993500,2040400,40400,0
5547994700,2001200,1200,0
5550003500,2008800,8800,0
5551965800,1962300,-37700,0
5553447500,1481700,-518300,0
5556476900,3029400,1029400,0
5558481300,2004400,4400,0
5560472400,1991100,-8900,0
5562469900,1997500,-2500,0
5564018400,1548500,-451500,0
5565960400,1942000,-58000,0
5568029400,2069000,69000,0
5569975300,1945900,-54100,0
5572017800,2042500,42500,0
5573532200,1514400,-485600,0
5576616400,3084200,1084200,0
5577338000,721600,-1278400,0
5579761600,2423600,423600,0
5581663200,1901600,-98400,0
5583622500,1959300,-40700,0
5585144100,1521600,-478400,0
5588163800,3019700,1019700,0
5590126200,1962400,-37600,0
5592136300,2010100,10100,0
5593644200,1507900,-492100,0
5595696300,2052100,52100,0
5597642000,1945700,-54300,0
5599633500,1991500,-8500,0
5601621400,1987900,-12100,0
5603161800,1540400,-459600,0
5605675200,2513400,513400,0
5607685900,2010700,10700,0
5609754000,2068100,68100,0
5611679300,1925300,-74700,0
5613681400,2002100,2100,0
5614967500,1286100,-713900,0
5617224500,2257000,257000,0
5620265400,3040900,1040900,0
5622210500,1945100,-54900,0
5623658600,1448100,-551900,0
5625985100,2326500,326500,0
5627999800,2014700,14700,0
5630132800,2133000,133000,0
5632133800,2001000,1000,0
5633662000,1528200,-471800,0
5635655000,1993000,-7000,0
5637642200,1987200,-12800,0
5639631300,1989100,-10900,0
5641667900,2036600,36600,0
5643880100,2212200,212200,0
5645118800,1238700,-761300,0
5648187900,3069100,1069100,0
5650178700,1990800,-9200,0
5652133000,1954300,-45700,0
5653657900,1524900,-475100,0
5655697100,2039200,39200,0
5657648300,1951200,-48800,0
5659679700,2031400,31400,0
5661661100,1981400,-18600,0
5663751000,2089900,89900,0
5665043100,1292100,-707900,0
5668036500,2993400,993400,0
5670002000,1965500,-34500,0
5672148900,2146900,146900,0
5673668700,1519800,-480200,0
5675691200,2022500,22500,0
5677674800,1983600,-16400,0
5679643700,1968900,-31100,0
5681668100,2024400,24400,0
5683729200,2061100,61100,0
5685183600,1454400,-545600,0
5688575700,3392100,1392100,0
5689702000,1126300,-873700,0
5691759000,2057000,57000,0
5693731800,1972800,-27200,0
5695223200,1491400,-508600,0
5698253800,3030600,1030600,0
5700249800,1996000,-4000,0
5702407300,2157500,157500,0
5703886700,1479400,-520600,0
5705416800,1530100,-469900,0
5708460800,3044000,1044000,0
5710642000,2181200,181200,0
5711371500,729500,-1270500,0
5714055900,2684400,684400,0
5716016300,1960400,-39600,0
5717303900,1287600,-712400,0
5720299800,2995900,995900,0
5722440100,2140300,140300,0
5723886400,1446300,-553700,0
5725888500,2002100,2100,0
5727871200,1982700,-17300,0
5729845300,1974100,-25900,0
5731843400,1998100,-1900,0
5733995400,2152000,152000,0
5735386100,1390700,-609300,0
5738433300,3047200,1047200,0
5740412600,1979300,-20700,0
5742413800,2001200,1200,0
5743969300,1555500,-444500,0
5746146100,2176800,176800,0
5748262600,2116500,116500,0
5750305300,2042700,42700,0
5752273900,1968600,-31400,0
5753766600,1492700,-507300,0
5755792200,2025600,25600,0
5757773900,1981700,-18300,0
5759747100,1973200,-26800,0
5761867000,2119900,119900,0
5763817900,1950900,-49100,0
5765390800,1572900,-427100,0
5767804100,2413300,413300,0
5769839900,2035800,35800,0
5771122600,1282700,-717300,0
5773510100,2387500,387500,0
5776733700,3223600,1223600,0
5777258500,524800,-1475200,0
5779651400,2392900,392900,0
5781641100,1989700,-10300,0
5783764800,2123700,123700,0
5785744500,1979700,-20300,0
5787761400,2016900,16900,0
5789742400,1981000,-19000,0
5791820500,2078100,78100,0
5793752500,1932000,-68000,0
5795325500,1573000,-427000,0
5798308900,2983400,983400,0
5800270800,1961900,-38100,0
5802265000,1994200,-5800,0
5803783600,1518600,-481400,0
5804965800,1182200,-817800,0
5808245400,3279600,1279600,0
5810273200,2027800,27800,0
5812316400,2043200,43200,0
5813755700,1439300,-560700,0
5815780100,2024400,24400,0
5817761600,1981500,-18500,0
5819756500,1994900,-5100,0
5821769400,2012900,12900,0
5823773700,2004300,4300,0
5825273800,1500100,-499900,0
5828310500,3036700,1036700,0
5830301800,1991300,-8700,0
5832350700,2048900,48900,0
5833778300,1427600,-572400,0
5835804300,2026000,26000,0
5837782800,1978500,-21500,0
5839803600,2020800,20800,0
5841809400,2005800,5800,0
5843865400,2056000,56000,0
5845965500,2100100,100100,0
5848016300,2050800,50800,0
5850007400,1991100,-8900,0
5852044800,2037400,37400,0
5853496400,1451600,-548400,0
5856517000,3020600,1020600,0
5858569400,2052400,52400,0
5860537200,1967800,-32200,0
5861657400,1120200,-879800,0
5863740100,2082700,82700,0
5865251800,1511700,-488300,0
5868261000,3009200,1009200,0
5870262600,2001600,1600,0
5872339500,2076900,76900,0
5873822300,1482800,-517200,0
5875317400,1495100,-504900,0
5878454600,3137200,1137200,0
5880510100,2055500,55500,0
5882502500,1992400,-7600,0
5884054800,1552300,-447700,0
5885395200,1340400,-659600,0
5888403100,3007900,1007900,0
5890438200,2035100,35100,0
5892482000,2043800,43800,0
5893975300,1493300,-506700,0
5896003100,2027800,27800,0
5897975300,1972200,-27800,0
5900042600,2067300,67300,0
5901976400,1933800,-66200,0
5903411100,1434700,-565300,0
5906446100,3035000,1035000,0
5908445800,1999700,-300,0
5910568000,2122200,122200,0
5912447300,1879300,-120700,0
5913982300,1535000,-465000,0
5915975000,1992700,-7300,0
5917968100,1993100,-6900,0
5919970400,2002300,2300,0
5921985300,2014900,14900,0
5923438600,1453300,-546700,0
5925812200,2373600,373600,0
5927963800,2151600,151600,0
5929985200,2021400,21400,0
5932176200,2191000,191000,0
5933614500,1438300,-561700,0
5935654600,2040100,40100,0
5937649200,1994600,-5400,0
5939635700,1986500,-13500,0
5941621000,1985300,-14700,0
5943635000,2014000,14000,0
5945191100,1556100,-443900,0
5947381400,2190300,190300,0
5949518900,2137500,137500,0
5952554300,3035400,1035400,0
5954056100,1501800,-498200,0
5956461900,2405800,405800,0
5958468300,2006400,6400,0
5960460400,1992100,-7900,0
5962435800,1975400,-24600,0
5963962100,1526300,-473700,0
5965996800,2034700,34700,0
5967967300,1970500,-29500,0
5969965600,1998300,-1700,0
5971962800,1997200,-2800,0
5973504800,1542000,-458000,0
5976816600,3311800,1311800,0
5977521100,704500,-1295500,0
5980335400,2814300,814300,0
5982398400,2063000,63000,0
5983775900,1377500,-622500,0
5986055900,2280000,280000,0
5987870100,1814200,-185800,0
5989857000,1986900,-13100,0
5991849400,1992400,-7600,0
5993839300,1989900,-10100,0
5995969500,2130200,130200,0
5997979500,2010000,10000,0
6000092800,2113300,113300,0
6002089100,1996300,-3700,0
6003606200,1517100,-482900,0
6005591600,1985400,-14600,0
6007582300,1990700,-9300,0
6011656600,4074300,2074300,0
6012420800,764200,-1235800,0
6013579700,1158900,-841100,0
6016549100,2969400,969400,0
6018594200,2045100,45100,0
6019302900,708700,-1291300,0
6021604100,2301200,301200,0
6023607100,2003000,3000,0
6025423700,1816600,-183400,0
6027695700,2272000,272000,0
6029814200,2118500,118500,0
6031807300,1993100,-6900,0
6033763000,1955700,-44300,0
6035090500,1327500,-672500,0
6038168200,3077700,1077700,0
6040131500,1963300,-36700,0
6042089300,1957800,-42200,0
6043571500,1482200,-517800,0
6045975800,2404300,404300,0
6048356100,2380300,380300,0
6050369100,2013000,13000,0
6052408200,2039100,39100,0
6053840400,1432200,-567800,0
6056108000,2267600,267600,0
6058151500,2043500,43500,0
6060079400,1927900,-72100,0
6062140800,2061400,61400,0
6063598500,1457700,-542300,0
6065652600,2054100,54100,0
6067663800,2011200,11200,0
6069660100,1996300,-3700,0
6071707200,2047100,47100,0
6073775900,2068700,68700,0
6075280600,1504700,-495300,0
6078286900,3006300,1006300,0
6080256600,1969700,-30300,0
6082316900,2060300,60300,0
6083790400,1473500,-526500,0
6085860000,2069600,69600,0
6087972300,2112300,112300,0
6089982500,2010200,10200,0
6091984400,2001900,1900,0
6093462900,1478500,-521500,0
6096530100,3067200,1067200,0
6098543400,2013300,13300,0
6100443200,1899800,-100200,0
6102506000,2062800,62800,0
6103970100,1464100,-535900,0
6106004200,2034100,34100,0
6107980000,1975800,-24200,0
6109971300,1991300,-8700,0
6111968700,1997400,-2600,0
6113480400,1511700,-488300,0
6116583000,3102600,1102600,0
6118549600,1966600,-33400,0
6120551600,2002000,2000,0
6122695700,2144100,144100,0
6123150600,454900,-1545100,0
6126066100,2915500,915500,0
6127992200,1926100,-73900,0
6130037600,2045400,45400,0
6132124600,2087000,87000,0
6133604900,1480300,-519700,0
6135703800,2098900,98900,0
6137742400,2038600,38600,0
6139728400,1986000,-14000,0
6141845200,2116800,116800,0
6143902700,2057500,57500,0
6145976200,2073500,73500,0
6147978400,2002200,2200,0
6150098000,2119600,119600,0
6152174900,2076900,76900,0
6153682700,1507800,-492200,0
6155848600,2165900,165900,0
6157824800,1976200,-23800,0
6159800200,1975400,-24600,0
6161850300,2050100,50100,0
6163825000,1974700,-25300,0
6165417900,1592900,-407100,0
6168402400,2984500,984500,0
6170346600,1944200,-55800,0
6172315800,1969200,-30800,0
6173843300,1527500,-472500,0
6175836900,1993600,-6400,0
6177223900,1387000,-613000,0
6180332500,3108600,1108600,0
6182619500,2287000,287000,0
6183373600,754100,-1245900,0
6186095200,2721600,721600,0
6188200400,2105200,105200,0
6190341300,2140900,140900,0
6192413200,2071900,71900,0
6193880600,1467400,-532600,0
6195986100,2105500,105500,0
6197877300,1891200,-108800,0
6199973600,2096300,96300,0
6201976600,2003000,3000,0
6203393000,1416400,-583600,0
6205975800,2582800,582800,0
6207974000,1998200,-1800,0
6209976600,2002600,2600,0
6212049500,2072900,72900,0
6213465900,1416400,-583600,0
6215810600,2344700,344700,0
6216972800,1162200,-837800,0
6220022900,3050100,1050100,0
6222068300,2045400,45400,0
6223480200,1411900,-588100,0
6226546900,3066700,1066700,0
6228526800,1979900,-20100,0
6230480300,1953500,-46500,0
6232528200,2047900,47900,0
6234044400,1516200,-483800,0
6236053500,2009100,9100,0
6238028100,1974600,-25400,0
6240040700,2012600,12600,0
6242045100,2004400,4400,0
6243537600,1492500,-507500,0
6246543400,3005800,1005800,0
6248528400,1985000,-15000,0
6250511200,1982800,-17200,0
6252496100,1984900,-15100,0
6254021200,1525100,-474900,0
6256176000,2154800,154800,0
6258056500,1880500,-119500,0
6260025000,1968500,-31500,0
6262127400,2102400,102400,0
6263513900,1386500,-613500,0
6266549500,3035600,1035600,0
6268521900,1972400,-27600,0
6270525800,2003900,3900,0
6272517000,1991200,-8800,0
6274109800,1592800,-407200,0
6276152000,2042200,42200,0
6278155000,2003000,3000,0
6280319600,2164600,164600,0
6282163400,1843800,-156200,0
6283620900,1457500,-542500,0
6285621100,2000200,200,0
6287700200,2079100,79100,0
6289668500,1968300,-31700,0
6291113700,1445200,-554800,0
6293697800,2584100,584100,0
6295253400,1555600,-444400,0
6298765200,3511800,1511800,0
6299291000,525800,-1474200,0
6301667300,2376300,376300,0
6303620800,1953500,-46500,0
6305218700,1597900,-402100,0
6308174000,2955300,955300,0
6310161400,1987400,-12600,0
6312125700,1964300,-35700,0
6313665800,1540100,-459900,0
6315694500,2028700,28700,0
6317824700,2130200,130200,0
6319816700,1992000,-8000,0
6321839000,2022300,22300,0
6323360600,1521600,-478400,0
6325986500,2625900,625900,0
6327363300,1376800,-623200,0
6329825300,2462000,462000,0
6331863800,2038500,38500,0
6333980900,2117100,117100,0
6336121400,2140500,140500,0
6338204700,2083300,83300,0
6340226200,2021500,21500,0
6342224100,1997900,-2100,0
6343743400,1519300,-480700,0
6345723800,1980400,-19600,0
6348057300,2333500,333500,0
6350183500,2126200,126200,0
6352182900,1999400,-600,0
6353491800,1308900,-691100,0
6355855400,2363600,363600,0
6357903600,2048200,48200,0
6359860400,1956800,-43200,0
6361864000,2003600,3600,0
6363866000,2002000,2000,0
6365447200,1581200,-418800,0
6368546700,3099500,1099500,0
6370554400,2007700,7700,0
6372541800,1987400,-12600,0
6374028200,1486400,-513600,0
6375880400,1852200,-147800,0
6377850100,1969700,-30300,0
6379878700,2028600,28600,0
6382013800,2135100,135100,0
6383853100,1839300,-160700,0
6385647000,1793900,-206100,0
6387703300,2056300,56300,0
6389676700,1973400,-26600,0
6391711100,2034400,34400,0
6393675100,1964000,-36000,0
6395203300,1528200,-471800,0
6398175000,2971700,971700,0
6400184200,2009200,9200,0
6402158000,1973800,-26200,0
6403737100,1579100,-420900,0
6405859300,2122200,122200,0
6407848700,1989400,-10600,0
6409861400,2012700,12700,0
6411845000,1983600,-16400,0
6413889300,2044300,44300,0
6415567600,1678300,-321700,0
6418618500,3050900,1050900,0
6419337200,718700,-1281300,0
6421605900,2268700,268700,0
6423633000,2027100,27100,0
6425101000,1468000,-532000,0
6428211100,3110100,1110100,0
6430238900,2027800,27800,0
6432335400,2096500,96500,0
6433863300,1527900,-472100,0
6435732600,1869300,-130700,0
6437754600,2022000,22000,0
6439742400,1987800,-12200,0
6441776200,2033800,33800,0
6443873400,2097200,97200,0
6445284000,1410600,-589400,0
6448338300,3054300,1054300,0
6450270500,1932200,-67800,0
6452263800,1993300,-6700,0
